Date,Open,High,Low,Close,UD,id,confidence(D),confidence(U),prediction(UD)
04/01/2010,5976.0,6048.0,5974.0,6048.0,U,1.0,0.5536645031258128,0.44633549687418705,D
05/01/2010,6044.0,6058.0,6016.0,6032.0,D,2.0,0.5536645031258128,0.44633549687418705,D
06/01/2010,6032.0,6048.0,5997.0,6034.0,U,3.0,0.5536645031258128,0.44633549687418705,D
07/01/2010,6017.0,6038.0,5961.0,6019.0,U,4.0,0.5536645031258128,0.44633549687418705,D
08/01/2010,6029.0,6053.0,5972.0,6038.0,U,5.0,0.5536645031258128,0.44633549687418705,D
11/01/2010,6058.0,6094.0,6031.0,6041.0,D,6.0,0.5536645031258128,0.44633549687418705,D
12/01/2010,6039.0,6056.0,5925.0,5943.0,D,7.0,0.5536645031258128,0.44633549687418705,D
13/01/2010,5937.0,5974.0,5925.0,5963.0,U,8.0,0.5536645031258128,0.44633549687418705,D
14/01/2010,5999.0,6010.0,5952.0,5989.0,D,9.0,0.5536645031258128,0.44633549687418705,D
15/01/2010,5997.0,6025.0,5867.0,5876.0,D,10.0,0.5536645031258128,0.44633549687418705,D
18/01/2010,5898.0,5923.0,5878.0,5919.0,U,11.0,0.5536645031258128,0.44633549687418705,D
19/01/2010,5905.0,5989.0,5850.0,5976.0,U,12.0,0.5536645031258128,0.44633549687418705,D
20/01/2010,5964.0,5973.0,5832.0,5852.0,D,13.0,0.5536645031258128,0.44633549687418705,D
21/01/2010,5878.0,5909.0,5742.0,5747.0,D,14.0,0.5536645031258128,0.44633549687418705,D
22/01/2010,5736.0,5741.0,5639.0,5695.0,D,15.0,0.5536645031258128,0.44633549687418705,D
25/01/2010,5663.0,5694.0,5625.0,5631.0,D,16.0,0.5536645031258128,0.44633549687418705,D
26/01/2010,5594.0,5676.0,5574.0,5669.0,U,17.0,0.5536645031258128,0.44633549687418705,D
27/01/2010,5644.0,5674.0,5589.0,5643.0,D,18.0,0.5536645031258128,0.44633549687418705,D
28/01/2010,5687.0,5719.0,5540.0,5540.0,D,19.0,0.5536645031258128,0.44633549687418705,D
29/01/2010,5566.0,5658.0,5556.0,5609.0,U,20.0,0.5536645031258128,0.44633549687418705,D
01/02/2010,5588.0,5674.0,5568.0,5654.0,U,21.0,0.5536645031258128,0.44633549687418705,D
02/02/2010,5664.0,5723.0,5625.0,5710.0,U,22.0,0.5536645031258128,0.44633549687418705,D
03/02/2010,5715.0,5734.0,5657.0,5672.0,D,23.0,0.5536645031258128,0.44633549687418705,D
04/02/2010,5671.0,5697.0,5523.0,5533.0,D,24.0,0.5536645031258128,0.44633549687418705,D
05/02/2010,5516.0,5527.0,5433.0,5434.0,D,25.0,0.5536645031258128,0.44633549687418705,D
08/02/2010,5476.0,5505.0,5434.0,5485.0,U,26.0,0.5536645031258128,0.44633549687418705,D
09/02/2010,5485.0,5538.0,5462.0,5498.0,U,27.0,0.5536645031258128,0.44633549687418705,D
10/02/2010,5534.0,5592.0,5505.0,5536.0,U,28.0,0.5536645031258128,0.44633549687418705,D
11/02/2010,5563.0,5581.0,5454.0,5504.0,D,29.0,0.5536645031258128,0.44633549687418705,D
12/02/2010,5550.0,5565.0,5460.0,5500.0,D,30.0,0.5536645031258128,0.44633549687418705,D
15/02/2010,5526.0,5547.0,5502.0,5511.0,D,31.0,0.5536645031258128,0.44633549687418705,D
16/02/2010,5573.0,5592.0,5498.0,5592.0,U,32.0,0.5536645031258128,0.44633549687418705,D
17/02/2010,5640.0,5682.0,5635.0,5648.0,U,33.0,0.5536645031258128,0.44633549687418705,D
18/02/2010,5646.0,5692.0,5626.0,5680.0,U,34.0,0.5536645031258128,0.44633549687418705,D
19/02/2010,5627.0,5730.0,5627.0,5722.0,U,35.0,0.5536645031258128,0.44633549687418705,D
22/02/2010,5741.0,5744.0,5684.0,5688.0,D,36.0,0.5536645031258128,0.44633549687418705,D
23/02/2010,5716.0,5732.0,5584.0,5604.0,D,37.0,0.5536645031258128,0.44633549687418705,D
24/02/2010,5622.0,5640.0,5572.0,5616.0,D,38.0,0.5536645031258128,0.44633549687418705,D
25/02/2010,5563.0,5656.0,5518.0,5532.0,D,39.0,0.5536645031258128,0.44633549687418705,D
26/02/2010,5589.0,5605.0,5530.0,5598.0,U,40.0,0.5536645031258128,0.44633549687418705,D
01/03/2010,5653.0,5718.0,5641.0,5714.0,U,41.0,0.5536645031258128,0.44633549687418705,D
02/03/2010,5728.0,5780.0,5710.0,5777.0,U,42.0,0.5536645031258128,0.44633549687418705,D
03/03/2010,5759.0,5829.0,5750.0,5818.0,U,43.0,0.5536645031258128,0.44633549687418705,D
04/03/2010,5774.0,5823.0,5768.0,5795.0,U,44.0,0.5536645031258128,0.44633549687418705,D
05/03/2010,5816.0,5880.0,5808.0,5877.0,U,45.0,0.5536645031258128,0.44633549687418705,D
08/03/2010,5892.0,5894.0,5865.0,5876.0,D,46.0,0.5536645031258128,0.44633549687418705,D
09/03/2010,5873.0,5900.0,5838.0,5886.0,U,47.0,0.5536645031258128,0.44633549687418705,D
10/03/2010,5883.0,5952.0,5875.0,5937.0,U,48.0,0.5536645031258128,0.44633549687418705,D
11/03/2010,5913.0,5955.0,5907.0,5929.0,U,49.0,0.5536645031258128,0.44633549687418705,D
12/03/2010,5945.0,5990.0,5934.0,5945.0,D,50.0,0.5536645031258128,0.44633549687418705,D
15/03/2010,5934.0,5953.0,5898.0,5904.0,D,51.0,0.5536645031258128,0.44633549687418705,D
16/03/2010,5935.0,5991.0,5930.0,5971.0,U,52.0,0.5536645031258128,0.44633549687418705,D
17/03/2010,5999.0,6036.0,5991.0,6024.0,U,53.0,0.5536645031258128,0.44633549687418705,D
18/03/2010,6005.0,6039.0,5996.0,6012.0,U,54.0,0.5536645031258128,0.44633549687418705,D
19/03/2010,6032.0,6042.0,5957.0,5982.0,D,55.0,0.5536645031258128,0.44633549687418705,D
22/03/2010,5961.0,5988.0,5911.0,5988.0,U,56.0,0.5536645031258128,0.44633549687418705,D
23/03/2010,5987.0,6031.0,5981.0,6017.0,U,57.0,0.5536645031258128,0.44633549687418705,D
24/03/2010,6038.0,6045.0,5965.0,6039.0,U,58.0,0.5536645031258128,0.44633549687418705,D
25/03/2010,6044.0,6140.0,6038.0,6133.0,U,59.0,0.5536645031258128,0.44633549687418705,D
26/03/2010,6126.0,6136.0,6106.0,6120.0,D,60.0,0.5536645031258128,0.44633549687418705,D
29/03/2010,6150.0,6173.0,6128.0,6157.0,U,61.0,0.5536645031258128,0.44633549687418705,D
30/03/2010,6188.0,6204.0,6136.0,6142.0,D,62.0,0.5536645031258128,0.44633549687418705,D
31/03/2010,6139.0,6162.0,6108.0,6154.0,U,63.0,0.5536645031258128,0.44633549687418705,D
01/04/2010,6189.0,6239.0,6187.0,6236.0,U,64.0,0.5536645031258128,0.44633549687418705,D
05/04/2010,6236.0,6236.0,6236.0,6236.0,D,65.0,0.5536645031258128,0.44633549687418705,D
06/04/2010,6250.0,6265.0,6214.0,6252.0,U,66.0,0.5536645031258128,0.44633549687418705,D
07/04/2010,6248.0,6256.0,6209.0,6222.0,D,67.0,0.5536645031258128,0.44633549687418705,D
08/04/2010,6200.0,6207.0,6138.0,6172.0,D,68.0,0.5536645031258128,0.44633549687418705,D
09/04/2010,6226.0,6254.0,6217.0,6250.0,U,69.0,0.5536645031258128,0.44633549687418705,D
12/04/2010,6284.0,6285.0,6224.0,6251.0,D,70.0,0.5536645031258128,0.44633549687418705,D
13/04/2010,6236.0,6251.0,6200.0,6231.0,D,71.0,0.5536645031258128,0.44633549687418705,D
14/04/2010,6269.0,6305.0,6250.0,6278.0,U,72.0,0.5536645031258128,0.44633549687418705,D
15/04/2010,6287.0,6311.0,6250.0,6291.0,U,73.0,0.5536645031258128,0.44633549687418705,D
16/04/2010,6265.0,6305.0,6163.0,6181.0,D,74.0,0.5536645031258128,0.44633549687418705,D
19/04/2010,6159.0,6191.0,6140.0,6162.0,U,75.0,0.5536645031258128,0.44633549687418705,D
20/04/2010,6194.0,6268.0,6173.0,6264.0,U,76.0,0.5536645031258128,0.44633549687418705,D
21/04/2010,6281.0,6281.0,6229.0,6230.0,D,77.0,0.5536645031258128,0.44633549687418705,D
22/04/2010,6229.0,6286.0,6141.0,6169.0,D,78.0,0.5536645031258128,0.44633549687418705,D
23/04/2010,6193.0,6288.0,6170.0,6260.0,U,79.0,0.5536645031258128,0.44633549687418705,D
26/04/2010,6317.0,6342.0,6300.0,6332.0,U,80.0,0.5536645031258128,0.44633549687418705,D
27/04/2010,6332.0,6333.0,6160.0,6160.0,D,81.0,0.5536645031258128,0.44633549687418705,D
28/04/2010,6141.0,6159.0,6024.0,6084.0,D,82.0,0.5536645031258128,0.44633549687418705,D
29/04/2010,6111.0,6159.0,6073.0,6145.0,U,83.0,0.5536645031258128,0.44633549687418705,D
30/04/2010,6156.0,6206.0,6086.0,6136.0,D,84.0,0.5536645031258128,0.44633549687418705,D
03/05/2010,6123.0,6190.0,6090.0,6167.0,U,85.0,0.5536645031258128,0.44633549687418705,D
04/05/2010,6176.0,6197.0,5995.0,6007.0,D,86.0,0.5536645031258128,0.44633549687418705,D
05/05/2010,6021.0,6031.0,5929.0,5958.0,D,87.0,0.5536645031258128,0.44633549687418705,D
06/05/2010,5920.0,6009.0,5884.0,5908.0,D,88.0,0.5536645031258128,0.44633549687418705,D
07/05/2010,5791.0,5905.0,5655.0,5715.0,D,89.0,0.5536645031258128,0.44633549687418705,D
10/05/2010,5814.0,6018.0,5806.0,6018.0,U,90.0,0.5536645031258128,0.44633549687418705,D
11/05/2010,5922.0,6042.0,5918.0,6038.0,U,91.0,0.5536645031258128,0.44633549687418705,D
12/05/2010,6026.0,6217.0,6006.0,6183.0,U,92.0,0.5536645031258128,0.44633549687418705,D
13/05/2010,6241.0,6277.0,6197.0,6252.0,U,93.0,0.5536645031258128,0.44633549687418705,D
14/05/2010,6226.0,6234.0,6015.0,6057.0,D,94.0,0.5536645031258128,0.44633549687418705,D
17/05/2010,6030.0,6152.0,6026.0,6067.0,U,95.0,0.5536645031258128,0.44633549687418705,D
18/05/2010,6144.0,6181.0,6114.0,6156.0,U,96.0,0.5536645031258128,0.44633549687418705,D
19/05/2010,6092.0,6125.0,5972.0,5989.0,D,97.0,0.5536645031258128,0.44633549687418705,D
20/05/2010,6023.0,6044.0,5781.0,5868.0,D,98.0,0.5536645031258128,0.44633549687418705,D
21/05/2010,5835.0,5873.0,5689.0,5829.0,D,99.0,0.5536645031258128,0.44633549687418705,D
24/05/2010,5858.0,5872.0,5734.0,5806.0,D,100.0,0.5536645031258128,0.44633549687418705,D
25/05/2010,5660.0,5690.0,5608.0,5670.0,U,101.0,0.5536645031258128,0.44633549687418705,D
26/05/2010,5735.0,5828.0,5721.0,5758.0,U,102.0,0.5536645031258128,0.44633549687418705,D
27/05/2010,5803.0,5952.0,5802.0,5937.0,U,103.0,0.5536645031258128,0.44633549687418705,D
28/05/2010,5963.0,5981.0,5927.0,5946.0,D,104.0,0.5536645031258128,0.44633549687418705,D
31/05/2010,5934.0,5994.0,5931.0,5964.0,U,105.0,0.5536645031258128,0.44633549687418705,D
01/06/2010,5944.0,6012.0,5834.0,5981.0,U,106.0,0.5536645031258128,0.44633549687418705,D
02/06/2010,5923.0,5992.0,5869.0,5981.0,U,107.0,0.5536645031258128,0.44633549687418705,D
03/06/2010,6076.0,6102.0,6046.0,6055.0,D,108.0,0.5536645031258128,0.44633549687418705,D
04/06/2010,6081.0,6115.0,5913.0,5939.0,D,109.0,0.5536645031258128,0.44633549687418705,D
07/06/2010,5876.0,5954.0,5852.0,5905.0,U,110.0,0.5536645031258128,0.44633549687418705,D
08/06/2010,5917.0,5923.0,5799.0,5869.0,D,111.0,0.5536645031258128,0.44633549687418705,D
09/06/2010,5896.0,5994.0,5833.0,5985.0,U,112.0,0.5536645031258128,0.44633549687418705,D
10/06/2010,5959.0,6089.0,5925.0,6057.0,U,113.0,0.5536645031258128,0.44633549687418705,D
11/06/2010,6083.0,6085.0,5983.0,6048.0,D,114.0,0.5536645031258128,0.44633549687418705,D
14/06/2010,6113.0,6137.0,6093.0,6125.0,U,115.0,0.5536645031258128,0.44633549687418705,D
15/06/2010,6089.0,6194.0,6089.0,6175.0,U,116.0,0.5536645031258128,0.44633549687418705,D
16/06/2010,6203.0,6207.0,6143.0,6191.0,D,117.0,0.5536645031258128,0.44633549687418705,D
17/06/2010,6182.0,6241.0,6165.0,6224.0,U,118.0,0.5536645031258128,0.44633549687418705,D
18/06/2010,6224.0,6257.0,6190.0,6217.0,D,119.0,0.5536645031258128,0.44633549687418705,D
21/06/2010,6320.0,6331.0,6263.0,6293.0,D,120.0,0.5536645031258128,0.44633549687418705,D
22/06/2010,6255.0,6296.0,6216.0,6269.0,U,121.0,0.5536645031258128,0.44633549687418705,D
23/06/2010,6219.0,6272.0,6179.0,6205.0,D,122.0,0.5536645031258128,0.44633549687418705,D
24/06/2010,6232.0,6235.0,6097.0,6115.0,D,123.0,0.5536645031258128,0.44633549687418705,D
25/06/2010,6116.0,6150.0,6040.0,6071.0,D,124.0,0.5536645031258128,0.44633549687418705,D
28/06/2010,6097.0,6169.0,6060.0,6157.0,U,125.0,0.5536645031258128,0.44633549687418705,D
29/06/2010,6062.0,6069.0,5935.0,5952.0,D,126.0,0.5536645031258128,0.44633549687418705,D
30/06/2010,5972.0,6001.0,5938.0,5966.0,D,127.0,0.5536645031258128,0.44633549687418705,D
01/07/2010,5886.0,5954.0,5827.0,5857.0,D,128.0,0.5536645031258128,0.44633549687418705,D
02/07/2010,5885.0,5941.0,5833.0,5834.0,D,129.0,0.5536645031258128,0.44633549687418705,D
05/07/2010,5854.0,5861.0,5809.0,5816.0,D,130.0,0.5536645031258128,0.44633549687418705,D
06/07/2010,5847.0,5996.0,5842.0,5941.0,U,131.0,0.5536645031258128,0.44633549687418705,D
07/07/2010,5896.0,5998.0,5849.0,5993.0,U,132.0,0.5536645031258128,0.44633549687418705,D
08/07/2010,6026.0,6058.0,6007.0,6036.0,U,133.0,0.5536645031258128,0.44633549687418705,D
09/07/2010,6070.0,6079.0,6039.0,6065.0,D,134.0,0.5536645031258128,0.44633549687418705,D
12/07/2010,6080.0,6120.0,6062.0,6077.0,D,135.0,0.5536645031258128,0.44633549687418705,D
13/07/2010,6078.0,6201.0,6076.0,6191.0,U,136.0,0.5536645031258128,0.44633549687418705,D
14/07/2010,6215.0,6227.0,6161.0,6210.0,D,137.0,0.5536645031258128,0.44633549687418705,D
15/07/2010,6188.0,6248.0,6127.0,6149.0,D,138.0,0.5536645031258128,0.44633549687418705,D
16/07/2010,6166.0,6205.0,6019.0,6040.0,D,139.0,0.5536645031258128,0.44633549687418705,D
19/07/2010,6035.0,6083.0,5994.0,6009.0,D,140.0,0.5536645031258128,0.44633549687418705,D
20/07/2010,6039.0,6053.0,5906.0,5967.0,D,141.0,0.5536645031258128,0.44633549687418705,D
21/07/2010,6012.0,6060.0,5977.0,5990.0,D,142.0,0.5536645031258128,0.44633549687418705,D
22/07/2010,5971.0,6148.0,5962.0,6142.0,U,143.0,0.5536645031258128,0.44633549687418705,D
23/07/2010,6125.0,6190.0,6113.0,6166.0,U,144.0,0.5536645031258128,0.44633549687418705,D
26/07/2010,6201.0,6201.0,6132.0,6194.0,D,145.0,0.5536645031258128,0.44633549687418705,D
27/07/2010,6211.0,6254.0,6190.0,6207.0,D,146.0,0.5536645031258128,0.44633549687418705,D
28/07/2010,6239.0,6249.0,6148.0,6179.0,D,147.0,0.5536645031258128,0.44633549687418705,D
29/07/2010,6203.0,6243.0,6124.0,6135.0,D,148.0,0.5536645031258128,0.44633549687418705,D
30/07/2010,6123.0,6185.0,6059.0,6148.0,U,149.0,0.5536645031258128,0.44633549687418705,D
02/08/2010,6188.0,6304.0,6183.0,6292.0,U,150.0,0.5536645031258128,0.44633549687418705,D
03/08/2010,6280.0,6310.0,6266.0,6308.0,U,151.0,0.5536645031258128,0.44633549687418705,D
04/08/2010,6288.0,6362.0,6264.0,6331.0,U,152.0,0.5536645031258128,0.44633549687418705,D
05/08/2010,6333.0,6383.0,6321.0,6334.0,U,153.0,0.5536645031258128,0.44633549687418705,D
06/08/2010,6361.0,6387.0,6245.0,6260.0,D,154.0,0.5536645031258128,0.44633549687418705,D
09/08/2010,6327.0,6356.0,6318.0,6352.0,U,155.0,0.5536645031258128,0.44633549687418705,D
10/08/2010,6316.0,6333.0,6248.0,6286.0,D,156.0,0.5536645031258128,0.44633549687418705,D
11/08/2010,6235.0,6237.0,6144.0,6154.0,D,157.0,0.5536645031258128,0.44633549687418705,D
12/08/2010,6142.0,6173.0,6098.0,6135.0,D,158.0,0.5536645031258128,0.44633549687418705,D
13/08/2010,6163.0,6169.0,6069.0,6110.0,D,159.0,0.5536645031258128,0.44633549687418705,D
16/08/2010,6133.0,6157.0,6062.0,6111.0,D,160.0,0.5536645031258128,0.44633549687418705,D
17/08/2010,6125.0,6215.0,6124.0,6206.0,U,161.0,0.5536645031258128,0.44633549687418705,D
18/08/2010,6183.0,6217.0,6156.0,6186.0,U,162.0,0.5536645031258128,0.44633549687418705,D
19/08/2010,6216.0,6229.0,6071.0,6075.0,D,163.0,0.5536645031258128,0.44633549687418705,D
20/08/2010,6080.0,6097.0,6000.0,6005.0,D,164.0,0.5536645031258128,0.44633549687418705,D
23/08/2010,6017.0,6055.0,5995.0,6011.0,D,165.0,0.5536645031258128,0.44633549687418705,D
24/08/2010,5963.0,5976.0,5869.0,5935.0,D,166.0,0.5536645031258128,0.44633549687418705,D
25/08/2010,5925.0,5955.0,5838.0,5900.0,D,167.0,0.5536645031258128,0.44633549687418705,D
26/08/2010,5937.0,5949.0,5897.0,5913.0,D,168.0,0.5536645031258128,0.44633549687418705,D
27/08/2010,5900.0,5957.0,5845.0,5951.0,U,169.0,0.5536645031258128,0.44633549687418705,D
30/08/2010,5973.0,5978.0,5890.0,5912.0,D,170.0,0.5536645031258128,0.44633549687418705,D
31/08/2010,5846.0,5926.0,5834.0,5925.0,U,171.0,0.5536645031258128,0.44633549687418705,D
01/09/2010,5937.0,6088.0,5876.0,6084.0,U,172.0,0.5536645031258128,0.44633549687418705,D
02/09/2010,6072.0,6104.0,6053.0,6084.0,U,173.0,0.5536645031258128,0.44633549687418705,D
03/09/2010,6092.0,6178.0,6088.0,6135.0,U,174.0,0.5536645031258128,0.44633549687418705,D
06/09/2010,6156.0,6165.0,6141.0,6155.0,D,175.0,0.5536645031258128,0.44633549687418705,D
07/09/2010,6137.0,6139.0,6083.0,6118.0,D,176.0,0.5536645031258128,0.44633549687418705,D
08/09/2010,6099.0,6180.0,6063.0,6164.0,U,177.0,0.5536645031258128,0.44633549687418705,D
09/09/2010,6142.0,6233.0,6134.0,6222.0,U,178.0,0.5536645031258128,0.44633549687418705,D
10/09/2010,6186.0,6225.0,6183.0,6215.0,U,179.0,0.5536645031258128,0.44633549687418705,D
13/09/2010,6259.0,6291.0,6232.0,6262.0,U,180.0,0.5536645031258128,0.44633549687418705,D
14/09/2010,6262.0,6288.0,6231.0,6275.0,U,181.0,0.5536645031258128,0.44633549687418705,D
15/09/2010,6283.0,6288.0,6227.0,6262.0,D,182.0,0.5536645031258128,0.44633549687418705,D
16/09/2010,6255.0,6281.0,6234.0,6250.0,D,183.0,0.5536645031258128,0.44633549687418705,D
17/09/2010,6298.0,6321.0,6186.0,6210.0,D,184.0,0.5536645031258128,0.44633549687418705,D
20/09/2010,6231.0,6302.0,6220.0,6295.0,U,185.0,0.5536645031258128,0.44633549687418705,D
21/09/2010,6281.0,6340.0,6276.0,6276.0,D,186.0,0.5536645031258128,0.44633549687418705,D
22/09/2010,6286.0,6297.0,6192.0,6208.0,D,187.0,0.5536645031258128,0.44633549687418705,D
23/09/2010,6252.0,6264.0,6129.0,6185.0,D,188.0,0.5536645031258128,0.44633549687418705,D
24/09/2010,6174.0,6310.0,6146.0,6298.0,U,189.0,0.5536645031258128,0.44633549687418705,D
27/09/2010,6308.0,6324.0,6272.0,6279.0,D,190.0,0.5536645031258128,0.44633549687418705,D
28/09/2010,6258.0,6312.0,6198.0,6276.0,U,191.0,0.5536645031258128,0.44633549687418705,D
29/09/2010,6296.0,6326.0,6223.0,6247.0,D,192.0,0.5536645031258128,0.44633549687418705,D
30/09/2010,6214.0,6339.0,6205.0,6229.0,U,193.0,0.5536645031258128,0.44633549687418705,D
01/10/2010,6244.0,6293.0,6187.0,6211.0,D,194.0,0.5536645031258128,0.44633549687418705,D
04/10/2010,6205.0,6210.0,6129.0,6134.0,D,195.0,0.5536645031258128,0.44633549687418705,D
05/10/2010,6132.0,6233.0,6116.0,6216.0,U,196.0,0.5536645031258128,0.44633549687418705,D
06/10/2010,6249.0,6290.0,6243.0,6271.0,U,197.0,0.5536645031258128,0.44633549687418705,D
07/10/2010,6279.0,6322.0,6233.0,6276.0,D,198.0,0.5536645031258128,0.44633549687418705,D
08/10/2010,6269.0,6295.0,6239.0,6292.0,U,199.0,0.5536645031258128,0.44633549687418705,D
11/10/2010,6308.0,6325.0,6289.0,6310.0,U,200.0,0.5536645031258128,0.44633549687418705,D
12/10/2010,6257.0,6317.0,6228.0,6305.0,U,201.0,0.5536645031258128,0.44633549687418705,D
13/10/2010,6340.0,6456.0,6335.0,6435.0,U,202.0,0.5536645031258128,0.44633549687418705,D
14/10/2010,6446.0,6486.0,6445.0,6455.0,U,203.0,0.5536645031258128,0.44633549687418705,D
15/10/2010,6478.0,6513.0,6439.0,6492.0,U,204.0,0.5536645031258128,0.44633549687418705,D
18/10/2010,6466.0,6534.0,6463.0,6517.0,U,205.0,0.5536645031258128,0.44633549687418705,D
19/10/2010,6508.0,6545.0,6472.0,6491.0,D,206.0,0.5536645031258128,0.44633549687418705,D
20/10/2010,6470.0,6528.0,6461.0,6525.0,U,207.0,0.5536645031258128,0.44633549687418705,D
21/10/2010,6515.0,6622.0,6505.0,6611.0,U,208.0,0.5536645031258128,0.44633549687418705,D
22/10/2010,6595.0,6624.0,6586.0,6606.0,U,209.0,0.5536645031258128,0.44633549687418705,D
25/10/2010,6645.0,6669.0,6626.0,6639.0,D,210.0,0.5536645031258128,0.44633549687418705,D
26/10/2010,6634.0,6646.0,6580.0,6614.0,D,211.0,0.5536645031258128,0.44633549687418705,D
27/10/2010,6591.0,6629.0,6553.0,6568.0,D,212.0,0.5536645031258128,0.44633549687418705,D
28/10/2010,6600.0,6645.0,6576.0,6595.0,D,213.0,0.5536645031258128,0.44633549687418705,D
29/10/2010,6586.0,6631.0,6569.0,6601.0,U,214.0,0.5536645031258128,0.44633549687418705,D
01/11/2010,6637.0,6671.0,6586.0,6605.0,D,215.0,0.5536645031258128,0.44633549687418705,D
02/11/2010,6600.0,6669.0,6597.0,6654.0,U,216.0,0.5536645031258128,0.44633549687418705,D
03/11/2010,6666.0,6683.0,6605.0,6618.0,D,217.0,0.5536645031258128,0.44633549687418705,D
04/11/2010,6678.0,6757.0,6676.0,6735.0,U,218.0,0.5536645031258128,0.44633549687418705,D
05/11/2010,6744.0,6775.0,6712.0,6754.0,U,219.0,0.5536645031258128,0.44633549687418705,D
08/11/2010,6746.0,6759.0,6728.0,6751.0,U,220.0,0.5536645031258128,0.44633549687418705,D
09/11/2010,6742.0,6811.0,6737.0,6788.0,U,221.0,0.5536645031258128,0.44633549687418705,D
10/11/2010,6760.0,6784.0,6684.0,6720.0,D,222.0,0.5536645031258128,0.44633549687418705,D
11/11/2010,6748.0,6750.0,6700.0,6723.0,D,223.0,0.5536645031258128,0.44633549687418705,D
12/11/2010,6651.0,6759.0,6618.0,6735.0,U,224.0,0.5536645031258128,0.44633549687418705,D
15/11/2010,6705.0,6813.0,6680.0,6790.0,U,225.0,0.5536645031258128,0.44633549687418705,D
16/11/2010,6751.0,6772.0,6663.0,6663.0,D,226.0,0.5536645031258128,0.44633549687418705,D
17/11/2010,6659.0,6705.0,6654.0,6700.0,U,227.0,0.5536645031258128,0.44633549687418705,D
18/11/2010,6766.0,6836.0,6754.0,6832.0,U,228.0,0.5536645031258128,0.44633549687418705,D
19/11/2010,6841.0,6854.0,6794.0,6844.0,U,229.0,0.5536645031258128,0.44633549687418705,D
22/11/2010,6892.0,6902.0,6806.0,6822.0,D,230.0,0.5536645031258128,0.44633549687418705,D
23/11/2010,6792.0,6828.0,6705.0,6705.0,D,231.0,0.5536645031258128,0.44633549687418705,D
24/11/2010,6741.0,6834.0,6702.0,6824.0,U,232.0,0.5536645031258128,0.44633549687418705,D
25/11/2010,6835.0,6886.0,6823.0,6880.0,U,233.0,0.5536645031258128,0.44633549687418705,D
26/11/2010,6842.0,6872.0,6779.0,6849.0,U,234.0,0.5536645031258128,0.44633549687418705,D
29/11/2010,6868.0,6908.0,6698.0,6698.0,D,235.0,0.5536645031258128,0.44633549687418705,D
30/11/2010,6733.0,6764.0,6656.0,6688.0,D,236.0,0.5536645031258128,0.44633549687418705,D
01/12/2010,6748.0,6869.0,6737.0,6867.0,U,237.0,0.5536645031258128,0.44633549687418705,D
02/12/2010,6896.0,6959.0,6841.0,6958.0,U,238.0,0.5536645031258128,0.44633549687418705,D
03/12/2010,6947.0,6978.0,6915.0,6948.0,U,239.0,0.5536645031258128,0.44633549687418705,D
06/12/2010,6970.0,6972.0,6927.0,6954.0,D,240.0,0.5536645031258128,0.44633549687418705,D
07/12/2010,6988.0,7043.0,6962.0,7002.0,U,241.0,0.5536645031258128,0.44633549687418705,D
08/12/2010,6976.0,7014.0,6957.0,6976.0,D,242.0,0.5536645031258128,0.44633549687418705,D
09/12/2010,7018.0,7021.0,6948.0,6964.0,D,243.0,0.5536645031258128,0.44633549687418705,D
10/12/2010,6988.0,7018.0,6973.0,7006.0,U,244.0,0.5536645031258128,0.44633549687418705,D
13/12/2010,7028.0,7045.0,7018.0,7029.0,U,245.0,0.5536645031258128,0.44633549687418705,D
14/12/2010,7025.0,7033.0,7011.0,7027.0,U,246.0,0.5536645031258128,0.44633549687418705,D
15/12/2010,7007.0,7030.0,6964.0,7016.0,U,247.0,0.5536645031258128,0.44633549687418705,D
16/12/2010,7013.0,7033.0,6992.0,7024.0,U,248.0,0.5536645031258128,0.44633549687418705,D
17/12/2010,7043.0,7043.0,6980.0,6982.0,D,249.0,0.5536645031258128,0.44633549687418705,D
20/12/2010,7000.0,7069.0,6993.0,7019.0,U,250.0,0.5536645031258128,0.44633549687418705,D
21/12/2010,7045.0,7088.0,7043.0,7078.0,U,251.0,0.5536645031258128,0.44633549687418705,D
22/12/2010,7079.0,7084.0,7068.0,7068.0,D,252.0,0.5536645031258128,0.44633549687418705,D
03/01/2011,6973.0,7027.0,6970.0,6990.0,U,253.0,0.5536645031258128,0.44633549687418705,D
04/01/2011,6980.0,7026.0,6952.0,6975.0,D,254.0,0.5536645031258128,0.44633549687418705,D
05/01/2011,6966.0,6967.0,6843.0,6940.0,D,255.0,0.5536645031258128,0.44633549687418705,D
06/01/2011,6949.0,7048.0,6949.0,6981.0,U,256.0,0.5536645031258128,0.44633549687418705,D
07/01/2011,6992.0,7011.0,6940.0,6948.0,D,257.0,0.5536645031258128,0.44633549687418705,D
10/01/2011,6920.0,6941.0,6836.0,6857.0,D,258.0,0.5536645031258128,0.44633549687418705,D
11/01/2011,6879.0,6951.0,6861.0,6942.0,U,259.0,0.5536645031258128,0.44633549687418705,D
12/01/2011,6959.0,7070.0,6959.0,7069.0,U,260.0,0.5536645031258128,0.44633549687418705,D
13/01/2011,7076.0,7084.0,7036.0,7075.0,D,261.0,0.5536645031258128,0.44633549687418705,D
14/01/2011,7055.0,7083.0,7015.0,7076.0,U,262.0,0.5536645031258128,0.44633549687418705,D
17/01/2011,7073.0,7087.0,7056.0,7078.0,U,263.0,0.5536645031258128,0.44633549687418705,D
18/01/2011,7100.0,7156.0,7099.0,7143.0,U,264.0,0.5536645031258128,0.44633549687418705,D
19/01/2011,7163.0,7165.0,7077.0,7083.0,D,265.0,0.5536645031258128,0.44633549687418705,D
20/01/2011,7075.0,7084.0,7009.0,7024.0,D,266.0,0.5536645031258128,0.44633549687418705,D
21/01/2011,7048.0,7123.0,7024.0,7062.0,U,267.0,0.5536645031258128,0.44633549687418705,D
24/01/2011,7081.0,7090.0,7000.0,7068.0,D,268.0,0.5536645031258128,0.44633549687418705,D
25/01/2011,7097.0,7102.0,7044.0,7059.0,D,269.0,0.5536645031258128,0.44633549687418705,D
26/01/2011,7093.0,7161.0,7087.0,7127.0,U,270.0,0.5536645031258128,0.44633549687418705,D
27/01/2011,7121.0,7180.0,7114.0,7156.0,U,271.0,0.5536645031258128,0.44633549687418705,D
28/01/2011,7155.0,7177.0,7103.0,7103.0,D,272.0,0.5536645031258128,0.44633549687418705,D
31/01/2011,7095.0,7107.0,7033.0,7077.0,D,273.0,0.5536645031258128,0.44633549687418705,D
01/02/2011,7133.0,7191.0,7105.0,7184.0,U,274.0,0.5536645031258128,0.44633549687418705,D
02/02/2011,7203.0,7222.0,7160.0,7184.0,D,275.0,0.5536645031258128,0.44633549687418705,D
03/02/2011,7176.0,7199.0,7144.0,7194.0,U,276.0,0.5536645031258128,0.44633549687418705,D
04/02/2011,7217.0,7227.0,7186.0,7216.0,D,277.0,0.5536645031258128,0.44633549687418705,D
07/02/2011,7222.0,7288.0,7214.0,7284.0,U,278.0,0.5536645031258128,0.44633549687418705,D
08/02/2011,7274.0,7325.0,7273.0,7323.0,U,279.0,0.5536645031258128,0.44633549687418705,D
09/02/2011,7319.0,7351.0,7310.0,7321.0,U,280.0,0.5536645031258128,0.44633549687418705,D
10/02/2011,7323.0,7341.0,7270.0,7340.0,U,281.0,0.5536645031258128,0.44633549687418705,D
11/02/2011,7320.0,7390.0,7284.0,7371.0,U,282.0,0.5536645031258128,0.44633549687418705,D
14/02/2011,7404.0,7424.0,7378.0,7397.0,D,283.0,0.5536645031258128,0.44633549687418705,D
15/02/2011,7398.0,7421.0,7376.0,7400.0,U,284.0,0.5536645031258128,0.44633549687418705,D
16/02/2011,7414.0,7438.0,7400.0,7414.0,D,285.0,0.5536645031258128,0.44633549687418705,D
17/02/2011,7429.0,7435.0,7364.0,7406.0,D,286.0,0.5536645031258128,0.44633549687418705,D
18/02/2011,7422.0,7427.0,7380.0,7427.0,U,287.0,0.5536645031258128,0.44633549687418705,D
21/02/2011,7412.0,7442.0,7311.0,7322.0,D,288.0,0.5536645031258128,0.44633549687418705,D
22/02/2011,7293.0,7351.0,7260.0,7318.0,U,289.0,0.5536645031258128,0.44633549687418705,D
23/02/2011,7295.0,7311.0,7183.0,7195.0,D,290.0,0.5536645031258128,0.44633549687418705,D
24/02/2011,7135.0,7156.0,7094.0,7131.0,D,291.0,0.5536645031258128,0.44633549687418705,D
25/02/2011,7140.0,7194.0,7130.0,7185.0,U,292.0,0.5536645031258128,0.44633549687418705,D
28/02/2011,7174.0,7305.0,7149.0,7272.0,U,293.0,0.5536645031258128,0.44633549687418705,D
01/03/2011,7310.0,7356.0,7194.0,7223.0,D,294.0,0.5536645031258128,0.44633549687418705,D
02/03/2011,7169.0,7203.0,7123.0,7181.0,U,295.0,0.5536645031258128,0.44633549687418705,D
03/03/2011,7225.0,7294.0,7191.0,7226.0,U,296.0,0.5536645031258128,0.44633549687418705,D
04/03/2011,7263.0,7311.0,7157.0,7179.0,D,297.0,0.5536645031258128,0.44633549687418705,D
07/03/2011,7138.0,7271.0,7127.0,7162.0,U,298.0,0.5536645031258128,0.44633549687418705,D
08/03/2011,7211.0,7222.0,7072.0,7165.0,D,299.0,0.5536645031258128,0.44633549687418705,D
09/03/2011,7178.0,7218.0,7109.0,7132.0,D,300.0,0.5536645031258128,0.44633549687418705,D
10/03/2011,7079.0,7110.0,7022.0,7063.0,D,301.0,0.5536645031258128,0.44633549687418705,D
11/03/2011,7002.0,7014.0,6963.0,6981.0,D,302.0,0.5536645031258128,0.44633549687418705,D
14/03/2011,6896.0,6946.0,6848.0,6867.0,D,303.0,0.5536645031258128,0.44633549687418705,D
15/03/2011,6669.0,6715.0,6483.0,6648.0,D,304.0,0.5536645031258128,0.44633549687418705,D
16/03/2011,6696.0,6733.0,6502.0,6514.0,D,305.0,0.5536645031258128,0.44633549687418705,D
17/03/2011,6558.0,6693.0,6517.0,6657.0,U,306.0,0.5536645031258128,0.44633549687418705,D
18/03/2011,6715.0,6761.0,6656.0,6664.0,D,307.0,0.5536645031258128,0.44633549687418705,D
21/03/2011,6782.0,6830.0,6781.0,6816.0,U,308.0,0.5536645031258128,0.44633549687418705,D
22/03/2011,6823.0,6826.0,6765.0,6781.0,D,309.0,0.5536645031258128,0.44633549687418705,D
23/03/2011,6749.0,6807.0,6720.0,6804.0,U,310.0,0.5536645031258128,0.44633549687418705,D
24/03/2011,6798.0,6942.0,6787.0,6934.0,U,311.0,0.5536645031258128,0.44633549687418705,D
25/03/2011,6972.0,6985.0,6921.0,6946.0,D,312.0,0.5536645031258128,0.44633549687418705,D
28/03/2011,6932.0,6981.0,6916.0,6939.0,U,313.0,0.5536645031258128,0.44633549687418705,D
29/03/2011,6953.0,6960.0,6867.0,6934.0,D,314.0,0.5536645031258128,0.44633549687418705,D
30/03/2011,7011.0,7065.0,7003.0,7057.0,U,315.0,0.5536645031258128,0.44633549687418705,D
31/03/2011,7068.0,7080.0,7041.0,7041.0,D,316.0,0.5536645031258128,0.44633549687418705,D
01/04/2011,7087.0,7192.0,7087.0,7180.0,U,317.0,0.5536645031258128,0.44633549687418705,D
04/04/2011,7179.0,7200.0,7168.0,7175.0,D,318.0,0.5536645031258128,0.44633549687418705,D
05/04/2011,7175.0,7186.0,7129.0,7175.0,D,319.0,0.5536645031258128,0.44633549687418705,D
06/04/2011,7197.0,7243.0,7158.0,7215.0,U,320.0,0.5536645031258128,0.44633549687418705,D
07/04/2011,7212.0,7241.0,7175.0,7179.0,D,321.0,0.5536645031258128,0.44633549687418705,D
08/04/2011,7227.0,7233.0,7195.0,7217.0,D,322.0,0.5536645031258128,0.44633549687418705,D
11/04/2011,7215.0,7225.0,7157.0,7205.0,D,323.0,0.5536645031258128,0.44633549687418705,D
12/04/2011,7131.0,7178.0,7089.0,7103.0,D,324.0,0.5536645031258128,0.44633549687418705,D
13/04/2011,7135.0,7201.0,7123.0,7178.0,U,325.0,0.5536645031258128,0.44633549687418705,D
14/04/2011,7161.0,7185.0,7100.0,7147.0,D,326.0,0.5536645031258128,0.44633549687418705,D
15/04/2011,7167.0,7193.0,7145.0,7178.0,U,327.0,0.5536645031258128,0.44633549687418705,D
18/04/2011,7166.0,7175.0,6995.0,7027.0,D,328.0,0.5536645031258128,0.44633549687418705,D
19/04/2011,7051.0,7079.0,7027.0,7039.0,D,329.0,0.5536645031258128,0.44633549687418705,D
20/04/2011,7137.0,7261.0,7137.0,7249.0,U,330.0,0.5536645031258128,0.44633549687418705,D
21/04/2011,7295.0,7317.0,7280.0,7295.0,D,331.0,0.5536645031258128,0.44633549687418705,D
25/04/2011,7295.0,7295.0,7295.0,7295.0,D,332.0,0.5536645031258128,0.44633549687418705,D
26/04/2011,7289.0,7360.0,7279.0,7357.0,U,333.0,0.5536645031258128,0.44633549687418705,D
27/04/2011,7374.0,7429.0,7361.0,7405.0,U,334.0,0.5536645031258128,0.44633549687418705,D
28/04/2011,7451.0,7480.0,7427.0,7475.0,U,335.0,0.5536645031258128,0.44633549687418705,D
29/04/2011,7475.0,7515.0,7462.0,7514.0,U,336.0,0.5536645031258128,0.44633549687418705,D
02/05/2011,7571.0,7600.0,7528.0,7528.0,D,337.0,0.5536645031258128,0.44633549687418705,D
03/05/2011,7519.0,7524.0,7447.0,7501.0,D,338.0,0.5536645031258128,0.44633549687418705,D
04/05/2011,7475.0,7534.0,7355.0,7374.0,D,339.0,0.5536645031258128,0.44633549687418705,D
05/05/2011,7416.0,7424.0,7291.0,7377.0,D,340.0,0.5536645031258128,0.44633549687418705,D
06/05/2011,7391.0,7502.0,7363.0,7492.0,U,341.0,0.5536645031258128,0.44633549687418705,D
09/05/2011,7461.0,7489.0,7380.0,7411.0,D,342.0,0.5536645031258128,0.44633549687418705,D
10/05/2011,7446.0,7534.0,7423.0,7502.0,U,343.0,0.5536645031258128,0.44633549687418705,D
11/05/2011,7527.0,7566.0,7470.0,7495.0,D,344.0,0.5536645031258128,0.44633549687418705,D
12/05/2011,7438.0,7444.0,7357.0,7444.0,U,345.0,0.5536645031258128,0.44633549687418705,D
13/05/2011,7486.0,7511.0,7391.0,7403.0,D,346.0,0.5536645031258128,0.44633549687418705,D
16/05/2011,7348.0,7403.0,7285.0,7388.0,U,347.0,0.5536645031258128,0.44633549687418705,D
17/05/2011,7347.0,7369.0,7254.0,7257.0,D,348.0,0.5536645031258128,0.44633549687418705,D
18/05/2011,7326.0,7341.0,7261.0,7304.0,D,349.0,0.5536645031258128,0.44633549687418705,D
19/05/2011,7360.0,7416.0,7317.0,7358.0,D,350.0,0.5536645031258128,0.44633549687418705,D
20/05/2011,7372.0,7410.0,7228.0,7267.0,D,351.0,0.5536645031258128,0.44633549687418705,D
23/05/2011,7158.0,7166.0,7105.0,7122.0,D,352.0,0.5536645031258128,0.44633549687418705,D
24/05/2011,7130.0,7202.0,7128.0,7151.0,U,353.0,0.5536645031258128,0.44633549687418705,D
25/05/2011,7079.0,7184.0,7071.0,7171.0,U,354.0,0.5536645031258128,0.44633549687418705,D
26/05/2011,7203.0,7217.0,7087.0,7114.0,D,355.0,0.5536645031258128,0.44633549687418705,D
27/05/2011,7205.0,7208.0,7115.0,7163.0,D,356.0,0.5536645031258128,0.44633549687418705,D
30/05/2011,7165.0,7204.0,7147.0,7160.0,D,357.0,0.5536645031258128,0.44633549687418705,D
31/05/2011,7240.0,7320.0,7239.0,7294.0,U,358.0,0.5536645031258128,0.44633549687418705,D
01/06/2011,7311.0,7315.0,7194.0,7217.0,D,359.0,0.5536645031258128,0.44633549687418705,D
02/06/2011,7156.0,7158.0,7074.0,7074.0,D,360.0,0.5536645031258128,0.44633549687418705,D
03/06/2011,7101.0,7120.0,7021.0,7109.0,U,361.0,0.5536645031258128,0.44633549687418705,D
06/06/2011,7095.0,7124.0,7063.0,7085.0,D,362.0,0.5536645031258128,0.44633549687418705,D
07/06/2011,7094.0,7148.0,7087.0,7103.0,U,363.0,0.5536645031258128,0.44633549687418705,D
08/06/2011,7076.0,7089.0,6992.0,7060.0,D,364.0,0.5536645031258128,0.44633549687418705,D
09/06/2011,7062.0,7184.0,7036.0,7160.0,U,365.0,0.5536645031258128,0.44633549687418705,D
10/06/2011,7153.0,7183.0,7051.0,7070.0,D,366.0,0.5536645031258128,0.44633549687418705,D
13/06/2011,7076.0,7124.0,7040.0,7085.0,U,367.0,0.5536645031258128,0.44633549687418705,D
14/06/2011,7165.0,7231.0,7161.0,7205.0,U,368.0,0.5536645031258128,0.44633549687418705,D
15/06/2011,7178.0,7202.0,7093.0,7115.0,D,369.0,0.5536645031258128,0.44633549687418705,D
16/06/2011,7062.0,7112.0,7018.0,7110.0,U,370.0,0.5536645031258128,0.44633549687418705,D
17/06/2011,7084.0,7224.0,7037.0,7164.0,U,371.0,0.5536645031258128,0.44633549687418705,D
20/06/2011,7079.0,7158.0,7064.0,7150.0,U,372.0,0.5536645031258128,0.44633549687418705,D
21/06/2011,7203.0,7286.0,7177.0,7286.0,U,373.0,0.5536645031258128,0.44633549687418705,D
22/06/2011,7286.0,7310.0,7262.0,7278.0,D,374.0,0.5536645031258128,0.44633549687418705,D
23/06/2011,7225.0,7237.0,7119.0,7149.0,D,375.0,0.5536645031258128,0.44633549687418705,D
24/06/2011,7232.0,7273.0,7099.0,7121.0,D,376.0,0.5536645031258128,0.44633549687418705,D
27/06/2011,7101.0,7144.0,7079.0,7108.0,U,377.0,0.5536645031258128,0.44633549687418705,D
28/06/2011,7139.0,7187.0,7075.0,7170.0,U,378.0,0.5536645031258128,0.44633549687418705,D
29/06/2011,7231.0,7320.0,7231.0,7294.0,U,379.0,0.5536645031258128,0.44633549687418705,D
30/06/2011,7310.0,7378.0,7285.0,7376.0,U,380.0,0.5536645031258128,0.44633549687418705,D
01/07/2011,7374.0,7443.0,7357.0,7419.0,U,381.0,0.5536645031258128,0.44633549687418705,D
04/07/2011,7427.0,7450.0,7417.0,7443.0,U,382.0,0.5536645031258128,0.44633549687418705,D
05/07/2011,7433.0,7475.0,7425.0,7439.0,U,383.0,0.5536645031258128,0.44633549687418705,D
06/07/2011,7444.0,7451.0,7397.0,7431.0,D,384.0,0.5536645031258128,0.44633549687418705,D
07/07/2011,7468.0,7516.0,7443.0,7471.0,U,385.0,0.5536645031258128,0.44633549687418705,D
08/07/2011,7503.0,7524.0,7390.0,7403.0,D,386.0,0.5536645031258128,0.44633549687418705,D
11/07/2011,7353.0,7359.0,7189.0,7230.0,D,387.0,0.5536645031258128,0.44633549687418705,D
12/07/2011,7112.0,7190.0,6996.0,7174.0,U,388.0,0.5536645031258128,0.44633549687418705,D
13/07/2011,7171.0,7280.0,7163.0,7268.0,U,389.0,0.5536645031258128,0.44633549687418705,D
14/07/2011,7205.0,7267.0,7197.0,7215.0,U,390.0,0.5536645031258128,0.44633549687418705,D
15/07/2011,7189.0,7254.0,7140.0,7220.0,U,391.0,0.5536645031258128,0.44633549687418705,D
18/07/2011,7163.0,7172.0,7089.0,7108.0,D,392.0,0.5536645031258128,0.44633549687418705,D
19/07/2011,7148.0,7236.0,7140.0,7193.0,U,393.0,0.5536645031258128,0.44633549687418705,D
20/07/2011,7250.0,7263.0,7166.0,7221.0,D,394.0,0.5536645031258128,0.44633549687418705,D
21/07/2011,7063.0,7063.0,7063.0,7063.0,D,395.0,0.5536645031258128,0.44633549687418705,D
22/07/2011,7308.0,7357.0,7267.0,7326.0,U,396.0,0.5536645031258128,0.44633549687418705,D
25/07/2011,7274.0,7367.0,7259.0,7345.0,U,397.0,0.5536645031258128,0.44633549687418705,D
26/07/2011,7370.0,7383.0,7303.0,7349.0,D,398.0,0.5536645031258128,0.44633549687418705,D
27/07/2011,7316.0,7344.0,7217.0,7253.0,D,399.0,0.5536645031258128,0.44633549687418705,D
28/07/2011,7164.0,7203.0,7110.0,7190.0,U,400.0,0.5536645031258128,0.44633549687418705,D
29/07/2011,7108.0,7191.0,7064.0,7159.0,U,401.0,0.5536645031258128,0.44633549687418705,D
01/08/2011,7255.0,7282.0,6954.0,6954.0,D,402.0,0.5536645031258128,0.44633549687418705,D
02/08/2011,6909.0,6938.0,6772.0,6797.0,D,403.0,0.5536645031258128,0.44633549687418705,D
03/08/2011,6718.0,6783.0,6544.0,6641.0,D,404.0,0.5536645031258128,0.44633549687418705,D
04/08/2011,6715.0,6730.0,6392.0,6415.0,D,405.0,0.5536645031258128,0.44633549687418705,D
05/08/2011,6339.0,6437.0,6153.0,6236.0,D,406.0,0.5536645031258128,0.44633549687418705,D
08/08/2011,6171.0,6273.0,5911.0,5923.0,D,407.0,0.5536645031258128,0.44633549687418705,D
09/08/2011,5896.0,6026.0,5503.0,5917.0,U,408.0,0.5536645031258128,0.44633549687418705,D
10/08/2011,6041.0,6089.0,5549.0,5613.0,D,409.0,0.5536645031258128,0.44633549687418705,D
11/08/2011,5771.0,5825.0,5488.0,5798.0,U,410.0,0.5536645031258128,0.44633549687418705,D
12/08/2011,5776.0,6024.0,5679.0,5998.0,U,411.0,0.5536645031258128,0.44633549687418705,D
15/08/2011,6076.0,6106.0,6008.0,6022.0,D,412.0,0.5536645031258128,0.44633549687418705,D
16/08/2011,5958.0,5998.0,5850.0,5995.0,U,413.0,0.5536645031258128,0.44633549687418705,D
17/08/2011,5911.0,6018.0,5870.0,5949.0,U,414.0,0.5536645031258128,0.44633549687418705,D
18/08/2011,5854.0,5893.0,5536.0,5603.0,D,415.0,0.5536645031258128,0.44633549687418705,D
19/08/2011,5582.0,5595.0,5345.0,5480.0,D,416.0,0.5536645031258128,0.44633549687418705,D
22/08/2011,5413.0,5591.0,5409.0,5474.0,U,417.0,0.5536645031258128,0.44633549687418705,D
23/08/2011,5529.0,5636.0,5452.0,5532.0,U,418.0,0.5536645031258128,0.44633549687418705,D
24/08/2011,5580.0,5743.0,5514.0,5681.0,U,419.0,0.5536645031258128,0.44633549687418705,D
25/08/2011,5740.0,5777.0,5452.0,5584.0,D,420.0,0.5536645031258128,0.44633549687418705,D
26/08/2011,5583.0,5589.0,5404.0,5537.0,D,421.0,0.5536645031258128,0.44633549687418705,D
29/08/2011,5634.0,5715.0,5588.0,5670.0,U,422.0,0.5536645031258128,0.44633549687418705,D
30/08/2011,5714.0,5730.0,5573.0,5644.0,D,423.0,0.5536645031258128,0.44633549687418705,D
31/08/2011,5686.0,5870.0,5649.0,5785.0,U,424.0,0.5536645031258128,0.44633549687418705,D
01/09/2011,5793.0,5795.0,5639.0,5731.0,D,425.0,0.5536645031258128,0.44633549687418705,D
02/09/2011,5624.0,5636.0,5493.0,5538.0,D,426.0,0.5536645031258128,0.44633549687418705,D
05/09/2011,5410.0,5421.0,5208.0,5246.0,D,427.0,0.5536645031258128,0.44633549687418705,D
06/09/2011,5248.0,5332.0,5150.0,5194.0,D,428.0,0.5536645031258128,0.44633549687418705,D
07/09/2011,5333.0,5406.0,5277.0,5406.0,U,429.0,0.5536645031258128,0.44633549687418705,D
08/09/2011,5410.0,5474.0,5314.0,5408.0,D,430.0,0.5536645031258128,0.44633549687418705,D
09/09/2011,5384.0,5401.0,5174.0,5190.0,D,431.0,0.5536645031258128,0.44633549687418705,D
12/09/2011,5064.0,5127.0,4966.0,5072.0,U,432.0,0.5536645031258128,0.44633549687418705,D
13/09/2011,5154.0,5223.0,4970.0,5166.0,U,433.0,0.5536645031258128,0.44633549687418705,D
14/09/2011,5108.0,5348.0,5106.0,5340.0,U,434.0,0.5536645031258128,0.44633549687418705,D
15/09/2011,5387.0,5567.0,5375.0,5508.0,U,435.0,0.5536645031258128,0.44633549687418705,D
16/09/2011,5608.0,5656.0,5524.0,5574.0,D,436.0,0.5536645031258128,0.44633549687418705,D
19/09/2011,5447.0,5497.0,5362.0,5416.0,D,437.0,0.5536645031258128,0.44633549687418705,D
20/09/2011,5374.0,5578.0,5369.0,5572.0,U,438.0,0.5536645031258128,0.44633549687418705,D
21/09/2011,5557.0,5558.0,5418.0,5434.0,D,439.0,0.5536645031258128,0.44633549687418705,D
22/09/2011,5258.0,5290.0,5136.0,5164.0,D,440.0,0.5536645031258128,0.44633549687418705,D
23/09/2011,5227.0,5230.0,4974.0,5197.0,D,441.0,0.5536645031258128,0.44633549687418705,D
26/09/2011,5129.0,5416.0,5118.0,5346.0,U,442.0,0.5536645031258128,0.44633549687418705,D
27/09/2011,5503.0,5638.0,5483.0,5628.0,U,443.0,0.5536645031258128,0.44633549687418705,D
28/09/2011,5561.0,5700.0,5521.0,5578.0,U,444.0,0.5536645031258128,0.44633549687418705,D
29/09/2011,5555.0,5704.0,5533.0,5640.0,U,445.0,0.5536645031258128,0.44633549687418705,D
30/09/2011,5603.0,5607.0,5439.0,5502.0,D,446.0,0.5536645031258128,0.44633549687418705,D
03/10/2011,5312.0,5438.0,5289.0,5377.0,U,447.0,0.5536645031258128,0.44633549687418705,D
04/10/2011,5284.0,5289.0,5125.0,5217.0,D,448.0,0.5536645031258128,0.44633549687418705,D
05/10/2011,5341.0,5486.0,5266.0,5473.0,U,449.0,0.5536645031258128,0.44633549687418705,D
06/10/2011,5512.0,5645.0,5466.0,5645.0,U,450.0,0.5536645031258128,0.44633549687418705,D
07/10/2011,5648.0,5749.0,5606.0,5676.0,U,451.0,0.5536645031258128,0.44633549687418705,D
10/10/2011,5705.0,5872.0,5653.0,5847.0,U,452.0,0.5536645031258128,0.44633549687418705,D
11/10/2011,5826.0,5883.0,5774.0,5865.0,U,453.0,0.5536645031258128,0.44633549687418705,D
12/10/2011,5851.0,6022.0,5798.0,5994.0,U,454.0,0.5536645031258128,0.44633549687418705,D
13/10/2011,5970.0,6036.0,5878.0,5915.0,D,455.0,0.5536645031258128,0.44633549687418705,D
14/10/2011,5935.0,6037.0,5885.0,5967.0,U,456.0,0.5536645031258128,0.44633549687418705,D
17/10/2011,6021.0,6081.0,5820.0,5859.0,D,457.0,0.5536645031258128,0.44633549687418705,D
18/10/2011,5782.0,5907.0,5748.0,5877.0,U,458.0,0.5536645031258128,0.44633549687418705,D
19/10/2011,5910.0,5978.0,5875.0,5914.0,U,459.0,0.5536645031258128,0.44633549687418705,D
20/10/2011,5834.0,5915.0,5753.0,5766.0,D,460.0,0.5536645031258128,0.44633549687418705,D
21/10/2011,5800.0,5980.0,5769.0,5971.0,U,461.0,0.5536645031258128,0.44633549687418705,D
24/10/2011,6014.0,6067.0,5938.0,6055.0,U,462.0,0.5536645031258128,0.44633549687418705,D
25/10/2011,6026.0,6158.0,5964.0,6047.0,U,463.0,0.5536645031258128,0.44633549687418705,D
26/10/2011,6041.0,6144.0,5952.0,6016.0,D,464.0,0.5536645031258128,0.44633549687418705,D
27/10/2011,6223.0,6348.0,6197.0,6338.0,U,465.0,0.5536645031258128,0.44633549687418705,D
28/10/2011,6364.0,6431.0,6306.0,6346.0,D,466.0,0.5536645031258128,0.44633549687418705,D
31/10/2011,6283.0,6305.0,6141.0,6141.0,D,467.0,0.5536645031258128,0.44633549687418705,D
01/11/2011,5935.0,5948.0,5762.0,5835.0,D,468.0,0.5536645031258128,0.44633549687418705,D
02/11/2011,5897.0,5991.0,5811.0,5966.0,U,469.0,0.5536645031258128,0.44633549687418705,D
03/11/2011,5835.0,6193.0,5832.0,6133.0,U,470.0,0.5536645031258128,0.44633549687418705,D
04/11/2011,6175.0,6175.0,5929.0,5966.0,D,471.0,0.5536645031258128,0.44633549687418705,D
07/11/2011,5906.0,6029.0,5835.0,5929.0,U,472.0,0.5536645031258128,0.44633549687418705,D
08/11/2011,5950.0,6087.0,5934.0,5961.0,U,473.0,0.5536645031258128,0.44633549687418705,D
09/11/2011,6046.0,6056.0,5767.0,5830.0,D,474.0,0.5536645031258128,0.44633549687418705,D
10/11/2011,5732.0,5934.0,5722.0,5868.0,U,475.0,0.5536645031258128,0.44633549687418705,D
11/11/2011,5881.0,6065.0,5855.0,6057.0,U,476.0,0.5536645031258128,0.44633549687418705,D
14/11/2011,6097.0,6116.0,5934.0,5985.0,D,477.0,0.5536645031258128,0.44633549687418705,D
15/11/2011,5920.0,6011.0,5816.0,5933.0,U,478.0,0.5536645031258128,0.44633549687418705,D
16/11/2011,5873.0,6028.0,5852.0,5913.0,U,479.0,0.5536645031258128,0.44633549687418705,D
17/11/2011,5876.0,5921.0,5778.0,5850.0,D,480.0,0.5536645031258128,0.44633549687418705,D
18/11/2011,5801.0,5898.0,5770.0,5800.0,D,481.0,0.5536645031258128,0.44633549687418705,D
21/11/2011,5767.0,5772.0,5598.0,5606.0,D,482.0,0.5536645031258128,0.44633549687418705,D
22/11/2011,5649.0,5682.0,5537.0,5537.0,D,483.0,0.5536645031258128,0.44633549687418705,D
23/11/2011,5486.0,5588.0,5458.0,5458.0,D,484.0,0.5536645031258128,0.44633549687418705,D
24/11/2011,5513.0,5564.0,5400.0,5428.0,D,485.0,0.5536645031258128,0.44633549687418705,D
25/11/2011,5433.0,5529.0,5367.0,5493.0,U,486.0,0.5536645031258128,0.44633549687418705,D
28/11/2011,5577.0,5755.0,5573.0,5745.0,U,487.0,0.5536645031258128,0.44633549687418705,D
29/11/2011,5726.0,5826.0,5691.0,5800.0,U,488.0,0.5536645031258128,0.44633549687418705,D
30/11/2011,5741.0,6131.0,5726.0,6089.0,U,489.0,0.5536645031258128,0.44633549687418705,D
01/12/2011,6080.0,6112.0,6017.0,6036.0,D,490.0,0.5536645031258128,0.44633549687418705,D
02/12/2011,6118.0,6170.0,6055.0,6081.0,D,491.0,0.5536645031258128,0.44633549687418705,D
05/12/2011,6138.0,6170.0,6086.0,6106.0,D,492.0,0.5536645031258128,0.44633549687418705,D
06/12/2011,6022.0,6095.0,6006.0,6029.0,U,493.0,0.5536645031258128,0.44633549687418705,D
07/12/2011,6116.0,6137.0,5920.0,5995.0,D,494.0,0.5536645031258128,0.44633549687418705,D
08/12/2011,6055.0,6077.0,5869.0,5874.0,D,495.0,0.5536645031258128,0.44633549687418705,D
09/12/2011,5806.0,6007.0,5802.0,5987.0,U,496.0,0.5536645031258128,0.44633549687418705,D
12/12/2011,5945.0,5953.0,5785.0,5785.0,D,497.0,0.5536645031258128,0.44633549687418705,D
13/12/2011,5801.0,5852.0,5734.0,5774.0,D,498.0,0.5536645031258128,0.44633549687418705,D
14/12/2011,5739.0,5772.0,5675.0,5675.0,D,499.0,0.5536645031258128,0.44633549687418705,D
15/12/2011,5713.0,5796.0,5682.0,5731.0,U,500.0,0.5536645031258128,0.44633549687418705,D
16/12/2011,5764.0,5775.0,5693.0,5702.0,D,501.0,0.5536645031258128,0.44633549687418705,D
19/12/2011,5652.0,5775.0,5644.0,5671.0,U,502.0,0.5536645031258128,0.44633549687418705,D
20/12/2011,5653.0,5848.0,5638.0,5847.0,U,503.0,0.5536645031258128,0.44633549687418705,D
21/12/2011,5919.0,5965.0,5772.0,5792.0,D,504.0,0.5536645031258128,0.44633549687418705,D
03/01/2012,6124.0,6179.0,6109.0,6167.0,U,505.0,0.5536645031258128,0.44633549687418705,D
04/01/2012,6141.0,6163.0,6088.0,6112.0,D,506.0,0.5536645031258128,0.44633549687418705,D
05/01/2012,6121.0,6130.0,6041.0,6096.0,D,507.0,0.5536645031258128,0.44633549687418705,D
06/01/2012,6115.0,6153.0,6013.0,6058.0,D,508.0,0.5536645031258128,0.44633549687418705,D
09/01/2012,6061.0,6077.0,5988.0,6017.0,D,509.0,0.5536645031258128,0.44633549687418705,D
10/01/2012,6091.0,6191.0,6069.0,6163.0,U,510.0,0.5536645031258128,0.44633549687418705,D
11/01/2012,6148.0,6182.0,6106.0,6152.0,U,511.0,0.5536645031258128,0.44633549687418705,D
12/01/2012,6160.0,6257.0,6149.0,6179.0,U,512.0,0.5536645031258128,0.44633549687418705,D
13/01/2012,6242.0,6245.0,6064.0,6143.0,D,513.0,0.5536645031258128,0.44633549687418705,D
16/01/2012,6120.0,6232.0,6104.0,6220.0,U,514.0,0.5536645031258128,0.44633549687418705,D
17/01/2012,6302.0,6343.0,6271.0,6333.0,U,515.0,0.5536645031258128,0.44633549687418705,D
18/01/2012,6330.0,6399.0,6281.0,6355.0,U,516.0,0.5536645031258128,0.44633549687418705,D
19/01/2012,6377.0,6420.0,6334.0,6416.0,U,517.0,0.5536645031258128,0.44633549687418705,D
20/01/2012,6411.0,6431.0,6372.0,6404.0,D,518.0,0.5536645031258128,0.44633549687418705,D
23/01/2012,6387.0,6467.0,6350.0,6437.0,U,519.0,0.5536645031258128,0.44633549687418705,D
24/01/2012,6372.0,6420.0,6339.0,6419.0,U,520.0,0.5536645031258128,0.44633549687418705,D
25/01/2012,6449.0,6457.0,6367.0,6422.0,D,521.0,0.5536645031258128,0.44633549687418705,D
26/01/2012,6454.0,6559.0,6430.0,6540.0,U,522.0,0.5536645031258128,0.44633549687418705,D
27/01/2012,6508.0,6574.0,6484.0,6512.0,U,523.0,0.5536645031258128,0.44633549687418705,D
30/01/2012,6455.0,6492.0,6414.0,6444.0,D,524.0,0.5536645031258128,0.44633549687418705,D
31/01/2012,6489.0,6533.0,6450.0,6459.0,D,525.0,0.5536645031258128,0.44633549687418705,D
01/02/2012,6483.0,6630.0,6483.0,6617.0,U,526.0,0.5536645031258128,0.44633549687418705,D
02/02/2012,6640.0,6668.0,6606.0,6656.0,U,527.0,0.5536645031258128,0.44633549687418705,D
03/02/2012,6650.0,6767.0,6636.0,6767.0,U,528.0,0.5536645031258128,0.44633549687418705,D
06/02/2012,6752.0,6781.0,6715.0,6765.0,U,529.0,0.5536645031258128,0.44633549687418705,D
07/02/2012,6773.0,6789.0,6683.0,6754.0,D,530.0,0.5536645031258128,0.44633549687418705,D
08/02/2012,6801.0,6830.0,6736.0,6749.0,D,531.0,0.5536645031258128,0.44633549687418705,D
09/02/2012,6782.0,6838.0,6746.0,6789.0,U,532.0,0.5536645031258128,0.44633549687418705,D
10/02/2012,6731.0,6751.0,6650.0,6693.0,D,533.0,0.5536645031258128,0.44633549687418705,D
13/02/2012,6749.0,6775.0,6710.0,6738.0,D,534.0,0.5536645031258128,0.44633549687418705,D
14/02/2012,6713.0,6789.0,6698.0,6728.0,U,535.0,0.5536645031258128,0.44633549687418705,D
15/02/2012,6808.0,6830.0,6737.0,6758.0,D,536.0,0.5536645031258128,0.44633549687418705,D
16/02/2012,6665.0,6752.0,6652.0,6752.0,U,537.0,0.5536645031258128,0.44633549687418705,D
17/02/2012,6811.0,6875.0,6795.0,6848.0,U,538.0,0.5536645031258128,0.44633549687418705,D
20/02/2012,6892.0,6957.0,6879.0,6948.0,U,539.0,0.5536645031258128,0.44633549687418705,D
21/02/2012,6937.0,6971.0,6874.0,6908.0,D,540.0,0.5536645031258128,0.44633549687418705,D
22/02/2012,6915.0,6915.0,6822.0,6844.0,D,541.0,0.5536645031258128,0.44633549687418705,D
23/02/2012,6839.0,6904.0,6734.0,6809.0,D,542.0,0.5536645031258128,0.44633549687418705,D
24/02/2012,6871.0,6891.0,6826.0,6864.0,D,543.0,0.5536645031258128,0.44633549687418705,D
27/02/2012,6817.0,6869.0,6744.0,6850.0,U,544.0,0.5536645031258128,0.44633549687418705,D
28/02/2012,6867.0,6901.0,6809.0,6888.0,U,545.0,0.5536645031258128,0.44633549687418705,D
29/02/2012,6915.0,6967.0,6843.0,6856.0,D,546.0,0.5536645031258128,0.44633549687418705,D
01/03/2012,6832.0,6949.0,6818.0,6942.0,U,547.0,0.5536645031258128,0.44633549687418705,D
02/03/2012,6944.0,6955.0,6904.0,6921.0,D,548.0,0.5536645031258128,0.44633549687418705,D
05/03/2012,6877.0,6903.0,6815.0,6866.0,D,549.0,0.5536645031258128,0.44633549687418705,D
06/03/2012,6836.0,6840.0,6633.0,6633.0,D,550.0,0.5536645031258128,0.44633549687418705,D
07/03/2012,6638.0,6683.0,6613.0,6671.0,U,551.0,0.5536645031258128,0.44633549687418705,D
08/03/2012,6723.0,6838.0,6704.0,6835.0,U,552.0,0.5536645031258128,0.44633549687418705,D
09/03/2012,6849.0,6912.0,6831.0,6880.0,U,553.0,0.5536645031258128,0.44633549687418705,D
12/03/2012,6869.0,6911.0,6847.0,6901.0,U,554.0,0.5536645031258128,0.44633549687418705,D
13/03/2012,6957.0,7020.0,6942.0,6996.0,U,555.0,0.5536645031258128,0.44633549687418705,D
14/03/2012,7029.0,7099.0,7028.0,7079.0,U,556.0,0.5536645031258128,0.44633549687418705,D
15/03/2012,7094.0,7153.0,7072.0,7144.0,U,557.0,0.5536645031258128,0.44633549687418705,D
16/03/2012,7146.0,7194.0,7143.0,7158.0,U,558.0,0.5536645031258128,0.44633549687418705,D
19/03/2012,7144.0,7155.0,7095.0,7154.0,U,559.0,0.5536645031258128,0.44633549687418705,D
20/03/2012,7122.0,7125.0,7032.0,7055.0,D,560.0,0.5536645031258128,0.44633549687418705,D
21/03/2012,7089.0,7114.0,7012.0,7071.0,D,561.0,0.5536645031258128,0.44633549687418705,D
22/03/2012,7053.0,7071.0,6938.0,6981.0,D,562.0,0.5536645031258128,0.44633549687418705,D
23/03/2012,6987.0,7027.0,6909.0,6996.0,U,563.0,0.5536645031258128,0.44633549687418705,D
26/03/2012,7023.0,7102.0,6970.0,7079.0,U,564.0,0.5536645031258128,0.44633549687418705,D
27/03/2012,7107.0,7154.0,7075.0,7079.0,D,565.0,0.5536645031258128,0.44633549687418705,D
28/03/2012,7056.0,7111.0,6999.0,6999.0,D,566.0,0.5536645031258128,0.44633549687418705,D
29/03/2012,6980.0,6994.0,6842.0,6875.0,D,567.0,0.5536645031258128,0.44633549687418705,D
30/03/2012,6925.0,6960.0,6899.0,6947.0,U,568.0,0.5536645031258128,0.44633549687418705,D
02/04/2012,6974.0,7057.0,6912.0,7057.0,U,569.0,0.5536645031258128,0.44633549687418705,D
03/04/2012,7054.0,7081.0,6981.0,6982.0,D,570.0,0.5536645031258128,0.44633549687418705,D
04/04/2012,6941.0,6944.0,6773.0,6784.0,D,571.0,0.5536645031258128,0.44633549687418705,D
05/04/2012,6818.0,6831.0,6686.0,6775.0,D,572.0,0.5536645031258128,0.44633549687418705,D
10/04/2012,6695.0,6738.0,6606.0,6606.0,D,573.0,0.5536645031258128,0.44633549687418705,D
11/04/2012,6629.0,6723.0,6603.0,6675.0,U,574.0,0.5536645031258128,0.44633549687418705,D
12/04/2012,6710.0,6762.0,6652.0,6743.0,U,575.0,0.5536645031258128,0.44633549687418705,D
13/04/2012,6732.0,6743.0,6552.0,6584.0,D,576.0,0.5536645031258128,0.44633549687418705,D
16/04/2012,6556.0,6675.0,6548.0,6625.0,U,577.0,0.5536645031258128,0.44633549687418705,D
17/04/2012,6626.0,6801.0,6617.0,6801.0,U,578.0,0.5536645031258128,0.44633549687418705,D
18/04/2012,6780.0,6813.0,6718.0,6732.0,D,579.0,0.5536645031258128,0.44633549687418705,D
19/04/2012,6775.0,6807.0,6665.0,6671.0,D,580.0,0.5536645031258128,0.44633549687418705,D
20/04/2012,6690.0,6760.0,6652.0,6750.0,U,581.0,0.5536645031258128,0.44633549687418705,D
23/04/2012,6667.0,6668.0,6499.0,6523.0,D,582.0,0.5536645031258128,0.44633549687418705,D
24/04/2012,6566.0,6605.0,6508.0,6590.0,U,583.0,0.5536645031258128,0.44633549687418705,D
25/04/2012,6623.0,6733.0,6623.0,6705.0,U,584.0,0.5536645031258128,0.44633549687418705,D
26/04/2012,6703.0,6751.0,6642.0,6740.0,U,585.0,0.5536645031258128,0.44633549687418705,D
27/04/2012,6662.0,6825.0,6653.0,6801.0,U,586.0,0.5536645031258128,0.44633549687418705,D
30/04/2012,6844.0,6847.0,6760.0,6761.0,D,587.0,0.5536645031258128,0.44633549687418705,D
02/05/2012,6861.0,6876.0,6665.0,6711.0,D,588.0,0.5536645031258128,0.44633549687418705,D
03/05/2012,6749.0,6792.0,6649.0,6694.0,D,589.0,0.5536645031258128,0.44633549687418705,D
04/05/2012,6683.0,6685.0,6546.0,6561.0,D,590.0,0.5536645031258128,0.44633549687418705,D
07/05/2012,6516.0,6579.0,6410.0,6569.0,U,591.0,0.5536645031258128,0.44633549687418705,D
08/05/2012,6549.0,6577.0,6415.0,6445.0,D,592.0,0.5536645031258128,0.44633549687418705,D
09/05/2012,6483.0,6506.0,6376.0,6475.0,D,593.0,0.5536645031258128,0.44633549687418705,D
10/05/2012,6531.0,6550.0,6440.0,6518.0,D,594.0,0.5536645031258128,0.44633549687418705,D
11/05/2012,6465.0,6589.0,6454.0,6580.0,U,595.0,0.5536645031258128,0.44633549687418705,D
14/05/2012,6500.0,6521.0,6404.0,6452.0,D,596.0,0.5536645031258128,0.44633549687418705,D
15/05/2012,6502.0,6510.0,6353.0,6401.0,D,597.0,0.5536645031258128,0.44633549687418705,D
16/05/2012,6345.0,6443.0,6297.0,6384.0,U,598.0,0.5536645031258128,0.44633549687418705,D
17/05/2012,6401.0,6413.0,6291.0,6309.0,D,599.0,0.5536645031258128,0.44633549687418705,D
18/05/2012,6255.0,6336.0,6229.0,6271.0,U,600.0,0.5536645031258128,0.44633549687418705,D
21/05/2012,6269.0,6364.0,6244.0,6331.0,U,601.0,0.5536645031258128,0.44633549687418705,D
22/05/2012,6382.0,6446.0,6351.0,6436.0,U,602.0,0.5536645031258128,0.44633549687418705,D
23/05/2012,6352.0,6374.0,6259.0,6286.0,D,603.0,0.5536645031258128,0.44633549687418705,D
24/05/2012,6338.0,6351.0,6244.0,6316.0,D,604.0,0.5536645031258128,0.44633549687418705,D
25/05/2012,6334.0,6407.0,6280.0,6340.0,U,605.0,0.5536645031258128,0.44633549687418705,D
28/05/2012,6425.0,6426.0,6311.0,6323.0,D,606.0,0.5536645031258128,0.44633549687418705,D
29/05/2012,6397.0,6441.0,6335.0,6397.0,D,607.0,0.5536645031258128,0.44633549687418705,D
30/05/2012,6361.0,6392.0,6259.0,6281.0,D,608.0,0.5536645031258128,0.44633549687418705,D
31/05/2012,6298.0,6323.0,6208.0,6264.0,D,609.0,0.5536645031258128,0.44633549687418705,D
01/06/2012,6260.0,6260.0,6008.0,6050.0,D,610.0,0.5536645031258128,0.44633549687418705,D
04/06/2012,5976.0,6031.0,5942.0,5978.0,U,611.0,0.5536645031258128,0.44633549687418705,D
05/06/2012,6000.0,6012.0,5914.0,5969.0,D,612.0,0.5536645031258128,0.44633549687418705,D
06/06/2012,6028.0,6102.0,5996.0,6094.0,U,613.0,0.5536645031258128,0.44633549687418705,D
07/06/2012,6118.0,6230.0,6099.0,6144.0,U,614.0,0.5536645031258128,0.44633549687418705,D
08/06/2012,6083.0,6145.0,6054.0,6131.0,U,615.0,0.5536645031258128,0.44633549687418705,D
11/06/2012,6256.0,6288.0,6130.0,6141.0,D,616.0,0.5536645031258128,0.44633549687418705,D
12/06/2012,6142.0,6211.0,6084.0,6161.0,U,617.0,0.5536645031258128,0.44633549687418705,D
13/06/2012,6184.0,6221.0,6094.0,6152.0,D,618.0,0.5536645031258128,0.44633549687418705,D
14/06/2012,6147.0,6167.0,6078.0,6139.0,D,619.0,0.5536645031258128,0.44633549687418705,D
15/06/2012,6165.0,6252.0,6159.0,6229.0,U,620.0,0.5536645031258128,0.44633549687418705,D
18/06/2012,6305.0,6316.0,6222.0,6248.0,D,621.0,0.5536645031258128,0.44633549687418705,D
19/06/2012,6255.0,6375.0,6233.0,6363.0,U,622.0,0.5536645031258128,0.44633549687418705,D
20/06/2012,6364.0,6402.0,6334.0,6392.0,U,623.0,0.5536645031258128,0.44633549687418705,D
21/06/2012,6357.0,6427.0,6332.0,6343.0,D,624.0,0.5536645031258128,0.44633549687418705,D
22/06/2012,6273.0,6318.0,6256.0,6263.0,D,625.0,0.5536645031258128,0.44633549687418705,D
25/06/2012,6229.0,6229.0,6119.0,6132.0,D,626.0,0.5536645031258128,0.44633549687418705,D
26/06/2012,6158.0,6165.0,6110.0,6137.0,D,627.0,0.5536645031258128,0.44633549687418705,D
27/06/2012,6156.0,6231.0,6131.0,6229.0,U,628.0,0.5536645031258128,0.44633549687418705,D
28/06/2012,6232.0,6240.0,6097.0,6150.0,D,629.0,0.5536645031258128,0.44633549687418705,D
29/06/2012,6297.0,6416.0,6262.0,6416.0,U,630.0,0.5536645031258128,0.44633549687418705,D
02/07/2012,6405.0,6520.0,6391.0,6496.0,U,631.0,0.5536645031258128,0.44633549687418705,D
03/07/2012,6508.0,6578.0,6505.0,6578.0,U,632.0,0.5536645031258128,0.44633549687418705,D
04/07/2012,6564.0,6574.0,6526.0,6565.0,U,633.0,0.5536645031258128,0.44633549687418705,D
05/07/2012,6562.0,6642.0,6476.0,6536.0,D,634.0,0.5536645031258128,0.44633549687418705,D
06/07/2012,6508.0,6534.0,6408.0,6410.0,D,635.0,0.5536645031258128,0.44633549687418705,D
09/07/2012,6409.0,6421.0,6376.0,6388.0,D,636.0,0.5536645031258128,0.44633549687418705,D
10/07/2012,6397.0,6491.0,6350.0,6438.0,U,637.0,0.5536645031258128,0.44633549687418705,D
11/07/2012,6413.0,6497.0,6399.0,6454.0,U,638.0,0.5536645031258128,0.44633549687418705,D
12/07/2012,6411.0,6448.0,6367.0,6419.0,U,639.0,0.5536645031258128,0.44633549687418705,D
13/07/2012,6446.0,6557.0,6436.0,6557.0,U,640.0,0.5536645031258128,0.44633549687418705,D
16/07/2012,6551.0,6577.0,6511.0,6566.0,U,641.0,0.5536645031258128,0.44633549687418705,D
17/07/2012,6584.0,6611.0,6543.0,6578.0,D,642.0,0.5536645031258128,0.44633549687418705,D
18/07/2012,6602.0,6691.0,6579.0,6684.0,U,643.0,0.5536645031258128,0.44633549687418705,D
19/07/2012,6707.0,6774.0,6699.0,6758.0,U,644.0,0.5536645031258128,0.44633549687418705,D
20/07/2012,6742.0,6776.0,6621.0,6630.0,D,645.0,0.5536645031258128,0.44633549687418705,D
23/07/2012,6562.0,6572.0,6371.0,6419.0,D,646.0,0.5536645031258128,0.44633549687418705,D
24/07/2012,6421.0,6456.0,6378.0,6390.0,D,647.0,0.5536645031258128,0.44633549687418705,D
25/07/2012,6388.0,6475.0,6375.0,6407.0,U,648.0,0.5536645031258128,0.44633549687418705,D
26/07/2012,6393.0,6596.0,6325.0,6583.0,U,649.0,0.5536645031258128,0.44633549687418705,D
27/07/2012,6605.0,6690.0,6514.0,6689.0,U,650.0,0.5536645031258128,0.44633549687418705,D
30/07/2012,6729.0,6797.0,6703.0,6774.0,U,651.0,0.5536645031258128,0.44633549687418705,D
31/07/2012,6781.0,6835.0,6756.0,6772.0,D,652.0,0.5536645031258128,0.44633549687418705,D
01/08/2012,6776.0,6800.0,6736.0,6754.0,D,653.0,0.5536645031258128,0.44633549687418705,D
02/08/2012,6756.0,6856.0,6596.0,6606.0,D,654.0,0.5536645031258128,0.44633549687418705,D
03/08/2012,6626.0,6877.0,6621.0,6866.0,U,655.0,0.5536645031258128,0.44633549687418705,D
06/08/2012,6846.0,6943.0,6846.0,6919.0,U,656.0,0.5536645031258128,0.44633549687418705,D
07/08/2012,6909.0,6980.0,6903.0,6968.0,U,657.0,0.5536645031258128,0.44633549687418705,D
08/08/2012,6945.0,6966.0,6907.0,6966.0,U,658.0,0.5536645031258128,0.44633549687418705,D
09/08/2012,6979.0,6989.0,6891.0,6965.0,D,659.0,0.5536645031258128,0.44633549687418705,D
10/08/2012,6928.0,6955.0,6892.0,6945.0,U,660.0,0.5536645031258128,0.44633549687418705,D
13/08/2012,6936.0,6976.0,6882.0,6910.0,D,661.0,0.5536645031258128,0.44633549687418705,D
14/08/2012,6965.0,6995.0,6940.0,6974.0,U,662.0,0.5536645031258128,0.44633549687418705,D
15/08/2012,6953.0,6973.0,6910.0,6947.0,D,663.0,0.5536645031258128,0.44633549687418705,D
16/08/2012,6958.0,7001.0,6929.0,6996.0,U,664.0,0.5536645031258128,0.44633549687418705,D
17/08/2012,7011.0,7041.0,7001.0,7041.0,U,665.0,0.5536645031258128,0.44633549687418705,D
20/08/2012,7037.0,7086.0,7009.0,7034.0,D,666.0,0.5536645031258128,0.44633549687418705,D
21/08/2012,7049.0,7105.0,7042.0,7089.0,U,667.0,0.5536645031258128,0.44633549687418705,D
22/08/2012,7048.0,7052.0,7005.0,7018.0,D,668.0,0.5536645031258128,0.44633549687418705,D
23/08/2012,7066.0,7081.0,6923.0,6950.0,D,669.0,0.5536645031258128,0.44633549687418705,D
24/08/2012,6958.0,6990.0,6886.0,6971.0,U,670.0,0.5536645031258128,0.44633549687418705,D
27/08/2012,6960.0,7049.0,6946.0,7047.0,U,671.0,0.5536645031258128,0.44633549687418705,D
28/08/2012,7004.0,7031.0,6976.0,7003.0,D,672.0,0.5536645031258128,0.44633549687418705,D
29/08/2012,7003.0,7030.0,6946.0,7011.0,U,673.0,0.5536645031258128,0.44633549687418705,D
30/08/2012,6962.0,6979.0,6871.0,6895.0,D,674.0,0.5536645031258128,0.44633549687418705,D
31/08/2012,6898.0,7011.0,6890.0,6971.0,U,675.0,0.5536645031258128,0.44633549687418705,D
03/09/2012,6947.0,7016.0,6944.0,7015.0,U,676.0,0.5536645031258128,0.44633549687418705,D
04/09/2012,7013.0,7016.0,6920.0,6933.0,D,677.0,0.5536645031258128,0.44633549687418705,D
05/09/2012,6942.0,7004.0,6893.0,6965.0,U,678.0,0.5536645031258128,0.44633549687418705,D
06/09/2012,6984.0,7172.0,6978.0,7167.0,U,679.0,0.5536645031258128,0.44633549687418705,D
07/09/2012,7184.0,7249.0,7183.0,7215.0,U,680.0,0.5536645031258128,0.44633549687418705,D
10/09/2012,7208.0,7234.0,7204.0,7214.0,U,681.0,0.5536645031258128,0.44633549687418705,D
11/09/2012,7197.0,7313.0,7187.0,7310.0,U,682.0,0.5536645031258128,0.44633549687418705,D
12/09/2012,7332.0,7410.0,7307.0,7344.0,U,683.0,0.5536645031258128,0.44633549687418705,D
13/09/2012,7342.0,7353.0,7280.0,7310.0,D,684.0,0.5536645031258128,0.44633549687418705,D
14/09/2012,7398.0,7446.0,7389.0,7412.0,U,685.0,0.5536645031258128,0.44633549687418705,D
17/09/2012,7390.0,7414.0,7382.0,7404.0,U,686.0,0.5536645031258128,0.44633549687418705,D
18/09/2012,7350.0,7375.0,7304.0,7348.0,D,687.0,0.5536645031258128,0.44633549687418705,D
19/09/2012,7387.0,7396.0,7326.0,7391.0,U,688.0,0.5536645031258128,0.44633549687418705,D
20/09/2012,7323.0,7390.0,7313.0,7389.0,U,689.0,0.5536645031258128,0.44633549687418705,D
21/09/2012,7409.0,7479.0,7391.0,7452.0,U,690.0,0.5536645031258128,0.44633549687418705,D
24/09/2012,7420.0,7440.0,7388.0,7413.0,D,691.0,0.5536645031258128,0.44633549687418705,D
25/09/2012,7406.0,7439.0,7369.0,7425.0,U,692.0,0.5536645031258128,0.44633549687418705,D
26/09/2012,7363.0,7363.0,7256.0,7277.0,D,693.0,0.5536645031258128,0.44633549687418705,D
27/09/2012,7313.0,7325.0,7269.0,7290.0,D,694.0,0.5536645031258128,0.44633549687418705,D
28/09/2012,7331.0,7337.0,7216.0,7216.0,D,695.0,0.5536645031258128,0.44633549687418705,D
01/10/2012,7228.0,7339.0,7225.0,7327.0,U,696.0,0.5536645031258128,0.44633549687418705,D
02/10/2012,7278.0,7373.0,7266.0,7306.0,U,697.0,0.5536645031258128,0.44633549687418705,D
03/10/2012,7283.0,7339.0,7272.0,7322.0,U,698.0,0.5536645031258128,0.44633549687418705,D
04/10/2012,7368.0,7375.0,7283.0,7305.0,D,699.0,0.5536645031258128,0.44633549687418705,D
05/10/2012,7328.0,7410.0,7313.0,7398.0,U,700.0,0.5536645031258128,0.44633549687418705,D
08/10/2012,7340.0,7341.0,7286.0,7291.0,D,701.0,0.5536645031258128,0.44633549687418705,D
09/10/2012,7306.0,7308.0,7222.0,7235.0,D,702.0,0.5536645031258128,0.44633549687418705,D
10/10/2012,7219.0,7245.0,7201.0,7205.0,D,703.0,0.5536645031258128,0.44633549687418705,D
11/10/2012,7193.0,7305.0,7182.0,7282.0,U,704.0,0.5536645031258128,0.44633549687418705,D
12/10/2012,7261.0,7291.0,7232.0,7232.0,D,705.0,0.5536645031258128,0.44633549687418705,D
15/10/2012,7237.0,7302.0,7237.0,7261.0,U,706.0,0.5536645031258128,0.44633549687418705,D
16/10/2012,7309.0,7388.0,7294.0,7376.0,U,707.0,0.5536645031258128,0.44633549687418705,D
17/10/2012,7381.0,7400.0,7368.0,7395.0,U,708.0,0.5536645031258128,0.44633549687418705,D
18/10/2012,7401.0,7448.0,7389.0,7437.0,U,709.0,0.5536645031258128,0.44633549687418705,D
19/10/2012,7414.0,7430.0,7364.0,7381.0,D,710.0,0.5536645031258128,0.44633549687418705,D
22/10/2012,7372.0,7390.0,7313.0,7328.0,D,711.0,0.5536645031258128,0.44633549687418705,D
23/10/2012,7339.0,7344.0,7154.0,7174.0,D,712.0,0.5536645031258128,0.44633549687418705,D
24/10/2012,7202.0,7216.0,7121.0,7193.0,D,713.0,0.5536645031258128,0.44633549687418705,D
25/10/2012,7203.0,7256.0,7181.0,7200.0,D,714.0,0.5536645031258128,0.44633549687418705,D
26/10/2012,7162.0,7257.0,7148.0,7232.0,U,715.0,0.5536645031258128,0.44633549687418705,D
29/10/2012,7205.0,7225.0,7172.0,7203.0,D,716.0,0.5536645031258128,0.44633549687418705,D
30/10/2012,7240.0,7293.0,7239.0,7284.0,U,717.0,0.5536645031258128,0.44633549687418705,D
31/10/2012,7305.0,7348.0,7261.0,7261.0,D,718.0,0.5536645031258128,0.44633549687418705,D
01/11/2012,7255.0,7356.0,7255.0,7336.0,U,719.0,0.5536645031258128,0.44633549687418705,D
02/11/2012,7337.0,7391.0,7315.0,7364.0,U,720.0,0.5536645031258128,0.44633549687418705,D
05/11/2012,7321.0,7337.0,7304.0,7326.0,U,721.0,0.5536645031258128,0.44633549687418705,D
06/11/2012,7336.0,7389.0,7320.0,7378.0,U,722.0,0.5536645031258128,0.44633549687418705,D
07/11/2012,7425.0,7435.0,7227.0,7233.0,D,723.0,0.5536645031258128,0.44633549687418705,D
08/11/2012,7260.0,7287.0,7184.0,7205.0,D,724.0,0.5536645031258128,0.44633549687418705,D
09/11/2012,7221.0,7223.0,7064.0,7164.0,D,725.0,0.5536645031258128,0.44633549687418705,D
12/11/2012,7165.0,7196.0,7138.0,7169.0,U,726.0,0.5536645031258128,0.44633549687418705,D
13/11/2012,7132.0,7185.0,7075.0,7169.0,U,727.0,0.5536645031258128,0.44633549687418705,D
14/11/2012,7156.0,7183.0,7085.0,7102.0,D,728.0,0.5536645031258128,0.44633549687418705,D
15/11/2012,7065.0,7079.0,7022.0,7043.0,D,729.0,0.5536645031258128,0.44633549687418705,D
16/11/2012,7046.0,7060.0,6951.0,6951.0,D,730.0,0.5536645031258128,0.44633549687418705,D
19/11/2012,7020.0,7131.0,7007.0,7124.0,U,731.0,0.5536645031258128,0.44633549687418705,D
20/11/2012,7098.0,7187.0,7092.0,7173.0,U,732.0,0.5536645031258128,0.44633549687418705,D
21/11/2012,7149.0,7195.0,7140.0,7185.0,U,733.0,0.5536645031258128,0.44633549687418705,D
22/11/2012,7210.0,7253.0,7205.0,7245.0,U,734.0,0.5536645031258128,0.44633549687418705,D
23/11/2012,7258.0,7312.0,7220.0,7309.0,U,735.0,0.5536645031258128,0.44633549687418705,D
26/11/2012,7287.0,7313.0,7274.0,7292.0,U,736.0,0.5536645031258128,0.44633549687418705,D
27/11/2012,7343.0,7362.0,7307.0,7332.0,D,737.0,0.5536645031258128,0.44633549687418705,D
28/11/2012,7317.0,7351.0,7265.0,7343.0,U,738.0,0.5536645031258128,0.44633549687418705,D
29/11/2012,7383.0,7417.0,7377.0,7401.0,U,739.0,0.5536645031258128,0.44633549687418705,D
30/11/2012,7399.0,7443.0,7398.0,7406.0,U,740.0,0.5536645031258128,0.44633549687418705,D
03/12/2012,7427.0,7488.0,7419.0,7435.0,U,741.0,0.5536645031258128,0.44633549687418705,D
04/12/2012,7428.0,7466.0,7417.0,7435.0,U,742.0,0.5536645031258128,0.44633549687418705,D
05/12/2012,7481.0,7482.0,7429.0,7455.0,D,743.0,0.5536645031258128,0.44633549687418705,D
06/12/2012,7470.0,7555.0,7461.0,7535.0,U,744.0,0.5536645031258128,0.44633549687418705,D
07/12/2012,7540.0,7553.0,7488.0,7518.0,D,745.0,0.5536645031258128,0.44633549687418705,D
10/12/2012,7485.0,7537.0,7457.0,7531.0,U,746.0,0.5536645031258128,0.44633549687418705,D
11/12/2012,7529.0,7597.0,7519.0,7590.0,U,747.0,0.5536645031258128,0.44633549687418705,D
12/12/2012,7595.0,7626.0,7590.0,7615.0,U,748.0,0.5536645031258128,0.44633549687418705,D
13/12/2012,7619.0,7619.0,7562.0,7582.0,D,749.0,0.5536645031258128,0.44633549687418705,D
14/12/2012,7599.0,7619.0,7571.0,7596.0,D,750.0,0.5536645031258128,0.44633549687418705,D
17/12/2012,7604.0,7627.0,7564.0,7605.0,U,751.0,0.5536645031258128,0.44633549687418705,D
18/12/2012,7634.0,7668.0,7626.0,7654.0,U,752.0,0.5536645031258128,0.44633549687418705,D
19/12/2012,7675.0,7683.0,7656.0,7669.0,D,753.0,0.5536645031258128,0.44633549687418705,D
20/12/2012,7643.0,7675.0,7635.0,7672.0,U,754.0,0.5536645031258128,0.44633549687418705,D
21/12/2012,7632.0,7654.0,7597.0,7636.0,U,755.0,0.5536645031258128,0.44633549687418705,D
24/12/2012,7636.0,7636.0,7636.0,7636.0,D,756.0,0.5536645031258128,0.44633549687418705,D
02/01/2013,7689.0,7790.0,7689.0,7779.0,U,757.0,0.5536645031258128,0.44633549687418705,D
03/01/2013,7762.0,7777.0,7738.0,7756.0,D,758.0,0.5536645031258128,0.44633549687418705,D
04/01/2013,7741.0,7780.0,7728.0,7776.0,U,759.0,0.5536645031258128,0.44633549687418705,D
07/01/2013,7760.0,7768.0,7713.0,7733.0,D,760.0,0.5536645031258128,0.44633549687418705,D
08/01/2013,7711.0,7754.0,7683.0,7696.0,D,761.0,0.5536645031258128,0.44633549687418705,D
09/01/2013,7714.0,7735.0,7689.0,7720.0,U,762.0,0.5536645031258128,0.44633549687418705,D
10/01/2013,7732.0,7774.0,7685.0,7708.0,D,763.0,0.5536645031258128,0.44633549687418705,D
11/01/2013,7726.0,7731.0,7684.0,7716.0,D,764.0,0.5536645031258128,0.44633549687418705,D
14/01/2013,7738.0,7786.0,7702.0,7730.0,D,765.0,0.5536645031258128,0.44633549687418705,D
15/01/2013,7704.0,7735.0,7636.0,7676.0,D,766.0,0.5536645031258128,0.44633549687418705,D
16/01/2013,7662.0,7695.0,7643.0,7691.0,U,767.0,0.5536645031258128,0.44633549687418705,D
17/01/2013,7677.0,7764.0,7662.0,7735.0,U,768.0,0.5536645031258128,0.44633549687418705,D
18/01/2013,7747.0,7753.0,7702.0,7702.0,D,769.0,0.5536645031258128,0.44633549687418705,D
21/01/2013,7728.0,7750.0,7719.0,7749.0,U,770.0,0.5536645031258128,0.44633549687418705,D
22/01/2013,7742.0,7747.0,7634.0,7696.0,D,771.0,0.5536645031258128,0.44633549687418705,D
23/01/2013,7703.0,7732.0,7685.0,7708.0,U,772.0,0.5536645031258128,0.44633549687418705,D
24/01/2013,7701.0,7753.0,7662.0,7748.0,U,773.0,0.5536645031258128,0.44633549687418705,D
25/01/2013,7747.0,7865.0,7743.0,7858.0,U,774.0,0.5536645031258128,0.44633549687418705,D
28/01/2013,7860.0,7872.0,7832.0,7833.0,D,775.0,0.5536645031258128,0.44633549687418705,D
29/01/2013,7842.0,7857.0,7800.0,7849.0,U,776.0,0.5536645031258128,0.44633549687418705,D
30/01/2013,7856.0,7863.0,7775.0,7811.0,D,777.0,0.5536645031258128,0.44633549687418705,D
31/01/2013,7800.0,7812.0,7765.0,7776.0,D,778.0,0.5536645031258128,0.44633549687418705,D
01/02/2013,7793.0,7853.0,7785.0,7833.0,U,779.0,0.5536645031258128,0.44633549687418705,D
04/02/2013,7823.0,7838.0,7638.0,7638.0,D,780.0,0.5536645031258128,0.44633549687418705,D
05/02/2013,7644.0,7677.0,7622.0,7665.0,U,781.0,0.5536645031258128,0.44633549687418705,D
06/02/2013,7666.0,7694.0,7537.0,7581.0,D,782.0,0.5536645031258128,0.44633549687418705,D
07/02/2013,7581.0,7661.0,7565.0,7591.0,U,783.0,0.5536645031258128,0.44633549687418705,D
08/02/2013,7608.0,7655.0,7577.0,7652.0,U,784.0,0.5536645031258128,0.44633549687418705,D
11/02/2013,7628.0,7677.0,7598.0,7634.0,U,785.0,0.5536645031258128,0.44633549687418705,D
12/02/2013,7619.0,7662.0,7594.0,7660.0,U,786.0,0.5536645031258128,0.44633549687418705,D
13/02/2013,7678.0,7737.0,7650.0,7712.0,U,787.0,0.5536645031258128,0.44633549687418705,D
14/02/2013,7698.0,7729.0,7607.0,7631.0,D,788.0,0.5536645031258128,0.44633549687418705,D
15/02/2013,7636.0,7650.0,7589.0,7594.0,D,789.0,0.5536645031258128,0.44633549687418705,D
18/02/2013,7591.0,7630.0,7568.0,7629.0,U,790.0,0.5536645031258128,0.44633549687418705,D
19/02/2013,7614.0,7763.0,7612.0,7752.0,U,791.0,0.5536645031258128,0.44633549687418705,D
20/02/2013,7747.0,7785.0,7709.0,7729.0,D,792.0,0.5536645031258128,0.44633549687418705,D
21/02/2013,7682.0,7688.0,7562.0,7584.0,D,793.0,0.5536645031258128,0.44633549687418705,D
22/02/2013,7620.0,7681.0,7607.0,7662.0,U,794.0,0.5536645031258128,0.44633549687418705,D
25/02/2013,7732.0,7861.0,7726.0,7773.0,U,795.0,0.5536645031258128,0.44633549687418705,D
26/02/2013,7682.0,7684.0,7589.0,7597.0,D,796.0,0.5536645031258128,0.44633549687418705,D
27/02/2013,7642.0,7679.0,7566.0,7676.0,U,797.0,0.5536645031258128,0.44633549687418705,D
28/02/2013,7712.0,7753.0,7692.0,7742.0,U,798.0,0.5536645031258128,0.44633549687418705,D
01/03/2013,7735.0,7768.0,7628.0,7708.0,D,799.0,0.5536645031258128,0.44633549687418705,D
04/03/2013,7655.0,7709.0,7637.0,7692.0,U,800.0,0.5536645031258128,0.44633549687418705,D
05/03/2013,7780.0,7884.0,7772.0,7870.0,U,801.0,0.5536645031258128,0.44633549687418705,D
06/03/2013,7907.0,7978.0,7898.0,7919.0,U,802.0,0.5536645031258128,0.44633549687418705,D
07/03/2013,7934.0,7956.0,7912.0,7940.0,U,803.0,0.5536645031258128,0.44633549687418705,D
08/03/2013,7971.0,8015.0,7962.0,7986.0,U,804.0,0.5536645031258128,0.44633549687418705,D
11/03/2013,7967.0,7989.0,7955.0,7984.0,U,805.0,0.5536645031258128,0.44633549687418705,D
12/03/2013,7971.0,8000.0,7934.0,7966.0,D,806.0,0.5536645031258128,0.44633549687418705,D
13/03/2013,7965.0,7979.0,7942.0,7971.0,U,807.0,0.5536645031258128,0.44633549687418705,D
14/03/2013,8013.0,8060.0,8011.0,8058.0,U,808.0,0.5536645031258128,0.44633549687418705,D
15/03/2013,8074.0,8074.0,7997.0,8043.0,D,809.0,0.5536645031258128,0.44633549687418705,D
18/03/2013,7924.0,8021.0,7902.0,8011.0,U,810.0,0.5536645031258128,0.44633549687418705,D
19/03/2013,7981.0,8001.0,7919.0,7948.0,D,811.0,0.5536645031258128,0.44633549687418705,D
20/03/2013,7996.0,8030.0,7972.0,8002.0,U,812.0,0.5536645031258128,0.44633549687418705,D
21/03/2013,7990.0,7999.0,7888.0,7933.0,D,813.0,0.5536645031258128,0.44633549687418705,D
22/03/2013,7918.0,7954.0,7876.0,7911.0,D,814.0,0.5536645031258128,0.44633549687418705,D
25/03/2013,7988.0,8031.0,7848.0,7871.0,D,815.0,0.5536645031258128,0.44633549687418705,D
26/03/2013,7889.0,7913.0,7859.0,7880.0,D,816.0,0.5536645031258128,0.44633549687418705,D
27/03/2013,7906.0,7917.0,7750.0,7789.0,D,817.0,0.5536645031258128,0.44633549687418705,D
28/03/2013,7791.0,7843.0,7778.0,7795.0,U,818.0,0.5536645031258128,0.44633549687418705,D
01/04/2013,7795.0,7795.0,7795.0,7795.0,D,819.0,0.5536645031258128,0.44633549687418705,D
02/04/2013,7806.0,7949.0,7806.0,7944.0,U,820.0,0.5536645031258128,0.44633549687418705,D
03/04/2013,7927.0,7953.0,7870.0,7875.0,D,821.0,0.5536645031258128,0.44633549687418705,D
04/04/2013,7903.0,7928.0,7804.0,7817.0,D,822.0,0.5536645031258128,0.44633549687418705,D
05/04/2013,7821.0,7825.0,7632.0,7659.0,D,823.0,0.5536645031258128,0.44633549687418705,D
08/04/2013,7669.0,7698.0,7646.0,7663.0,D,824.0,0.5536645031258128,0.44633549687418705,D
09/04/2013,7704.0,7723.0,7608.0,7638.0,D,825.0,0.5536645031258128,0.44633549687418705,D
10/04/2013,7664.0,7822.0,7660.0,7811.0,U,826.0,0.5536645031258128,0.44633549687418705,D
11/04/2013,7799.0,7885.0,7787.0,7872.0,U,827.0,0.5536645031258128,0.44633549687418705,D
12/04/2013,7832.0,7839.0,7726.0,7745.0,D,828.0,0.5536645031258128,0.44633549687418705,D
15/04/2013,7741.0,7773.0,7652.0,7713.0,D,829.0,0.5536645031258128,0.44633549687418705,D
16/04/2013,7681.0,7740.0,7639.0,7683.0,U,830.0,0.5536645031258128,0.44633549687418705,D
17/04/2013,7720.0,7722.0,7473.0,7503.0,D,831.0,0.5536645031258128,0.44633549687418705,D
18/04/2013,7520.0,7557.0,7437.0,7474.0,D,832.0,0.5536645031258128,0.44633549687418705,D
19/04/2013,7490.0,7531.0,7418.0,7460.0,D,833.0,0.5536645031258128,0.44633549687418705,D
22/04/2013,7516.0,7538.0,7438.0,7478.0,D,834.0,0.5536645031258128,0.44633549687418705,D
23/04/2013,7477.0,7664.0,7442.0,7658.0,U,835.0,0.5536645031258128,0.44633549687418705,D
24/04/2013,7657.0,7767.0,7656.0,7759.0,U,836.0,0.5536645031258128,0.44633549687418705,D
25/04/2013,7767.0,7838.0,7742.0,7833.0,U,837.0,0.5536645031258128,0.44633549687418705,D
26/04/2013,7836.0,7840.0,7768.0,7815.0,D,838.0,0.5536645031258128,0.44633549687418705,D
29/04/2013,7834.0,7874.0,7823.0,7874.0,U,839.0,0.5536645031258128,0.44633549687418705,D
30/04/2013,7928.0,7966.0,7893.0,7914.0,D,840.0,0.5536645031258128,0.44633549687418705,D
01/05/2013,7914.0,7914.0,7914.0,7914.0,D,841.0,0.5536645031258128,0.44633549687418705,D
02/05/2013,7905.0,8006.0,7897.0,7962.0,U,842.0,0.5536645031258128,0.44633549687418705,D
03/05/2013,7972.0,8130.0,7957.0,8122.0,U,843.0,0.5536645031258128,0.44633549687418705,D
06/05/2013,8119.0,8148.0,8103.0,8112.0,D,844.0,0.5536645031258128,0.44633549687418705,D
07/05/2013,8126.0,8206.0,8117.0,8182.0,U,845.0,0.5536645031258128,0.44633549687418705,D
08/05/2013,8177.0,8253.0,8173.0,8250.0,U,846.0,0.5536645031258128,0.44633549687418705,D
09/05/2013,8233.0,8274.0,8225.0,8263.0,U,847.0,0.5536645031258128,0.44633549687418705,D
10/05/2013,8278.0,8358.0,8252.0,8279.0,U,848.0,0.5536645031258128,0.44633549687418705,D
13/05/2013,8282.0,8295.0,8217.0,8279.0,D,849.0,0.5536645031258128,0.44633549687418705,D
14/05/2013,8305.0,8339.0,8236.0,8339.0,U,850.0,0.5536645031258128,0.44633549687418705,D
15/05/2013,8334.0,8368.0,8300.0,8362.0,U,851.0,0.5536645031258128,0.44633549687418705,D
16/05/2013,8349.0,8401.0,8324.0,8370.0,U,852.0,0.5536645031258128,0.44633549687418705,D
17/05/2013,8356.0,8409.0,8327.0,8398.0,U,853.0,0.5536645031258128,0.44633549687418705,D
20/05/2013,8435.0,8456.0,8402.0,8456.0,U,854.0,0.5536645031258128,0.44633549687418705,D
21/05/2013,8447.0,8476.0,8398.0,8472.0,U,855.0,0.5536645031258128,0.44633549687418705,D
22/05/2013,8468.0,8558.0,8435.0,8531.0,U,856.0,0.5536645031258128,0.44633549687418705,D
23/05/2013,8410.0,8412.0,8281.0,8352.0,D,857.0,0.5536645031258128,0.44633549687418705,D
24/05/2013,8390.0,8391.0,8263.0,8305.0,D,858.0,0.5536645031258128,0.44633549687418705,D
27/05/2013,8347.0,8387.0,8338.0,8383.0,U,859.0,0.5536645031258128,0.44633549687418705,D
28/05/2013,8432.0,8526.0,8424.0,8481.0,U,860.0,0.5536645031258128,0.44633549687418705,D
29/05/2013,8437.0,8445.0,8317.0,8337.0,D,861.0,0.5536645031258128,0.44633549687418705,D
30/05/2013,8314.0,8416.0,8294.0,8400.0,U,862.0,0.5536645031258128,0.44633549687418705,D
31/05/2013,8385.0,8402.0,8297.0,8349.0,D,863.0,0.5536645031258128,0.44633549687418705,D
03/06/2013,8291.0,8396.0,8215.0,8286.0,D,864.0,0.5536645031258128,0.44633549687418705,D
04/06/2013,8359.0,8384.0,8275.0,8296.0,D,865.0,0.5536645031258128,0.44633549687418705,D
05/06/2013,8229.0,8293.0,8182.0,8196.0,D,866.0,0.5536645031258128,0.44633549687418705,D
06/06/2013,8189.0,8235.0,8099.0,8099.0,D,867.0,0.5536645031258128,0.44633549687418705,D
07/06/2013,8125.0,8279.0,8035.0,8255.0,U,868.0,0.5536645031258128,0.44633549687418705,D
10/06/2013,8246.0,8356.0,8246.0,8308.0,U,869.0,0.5536645031258128,0.44633549687418705,D
11/06/2013,8256.0,8261.0,8141.0,8222.0,D,870.0,0.5536645031258128,0.44633549687418705,D
12/06/2013,8205.0,8246.0,8123.0,8143.0,D,871.0,0.5536645031258128,0.44633549687418705,D
13/06/2013,8023.0,8110.0,7968.0,8095.0,U,872.0,0.5536645031258128,0.44633549687418705,D
14/06/2013,8158.0,8188.0,8111.0,8128.0,D,873.0,0.5536645031258128,0.44633549687418705,D
17/06/2013,8171.0,8265.0,8168.0,8216.0,U,874.0,0.5536645031258128,0.44633549687418705,D
18/06/2013,8196.0,8242.0,8176.0,8230.0,U,875.0,0.5536645031258128,0.44633549687418705,D
19/06/2013,8255.0,8286.0,8161.0,8197.0,D,876.0,0.5536645031258128,0.44633549687418705,D
20/06/2013,8086.0,8086.0,7912.0,7928.0,D,877.0,0.5536645031258128,0.44633549687418705,D
21/06/2013,7946.0,7987.0,7789.0,7789.0,D,878.0,0.5536645031258128,0.44633549687418705,D
24/06/2013,7777.0,7824.0,7656.0,7692.0,D,879.0,0.5536645031258128,0.44633549687418705,D
25/06/2013,7741.0,7842.0,7726.0,7811.0,U,880.0,0.5536645031258128,0.44633549687418705,D
26/06/2013,7810.0,7960.0,7801.0,7941.0,U,881.0,0.5536645031258128,0.44633549687418705,D
27/06/2013,7946.0,8026.0,7920.0,7991.0,U,882.0,0.5536645031258128,0.44633549687418705,D
28/06/2013,8016.0,8038.0,7906.0,7959.0,D,883.0,0.5536645031258128,0.44633549687418705,D
01/07/2013,8000.0,8023.0,7890.0,7984.0,D,884.0,0.5536645031258128,0.44633549687418705,D
02/07/2013,7989.0,7989.0,7874.0,7911.0,D,885.0,0.5536645031258128,0.44633549687418705,D
03/07/2013,7841.0,7842.0,7730.0,7829.0,D,886.0,0.5536645031258128,0.44633549687418705,D
04/07/2013,7878.0,8015.0,7864.0,7994.0,U,887.0,0.5536645031258128,0.44633549687418705,D
05/07/2013,8010.0,8032.0,7805.0,7806.0,D,888.0,0.5536645031258128,0.44633549687418705,D
08/07/2013,7866.0,8015.0,7848.0,7969.0,U,889.0,0.5536645031258128,0.44633549687418705,D
09/07/2013,8021.0,8087.0,8006.0,8058.0,U,890.0,0.5536645031258128,0.44633549687418705,D
10/07/2013,8057.0,8081.0,7991.0,8066.0,U,891.0,0.5536645031258128,0.44633549687418705,D
11/07/2013,8164.0,8177.0,8130.0,8159.0,D,892.0,0.5536645031258128,0.44633549687418705,D
12/07/2013,8193.0,8244.0,8178.0,8213.0,U,893.0,0.5536645031258128,0.44633549687418705,D
15/07/2013,8238.0,8271.0,8211.0,8235.0,D,894.0,0.5536645031258128,0.44633549687418705,D
16/07/2013,8252.0,8252.0,8178.0,8201.0,D,895.0,0.5536645031258128,0.44633549687418705,D
17/07/2013,8217.0,8269.0,8138.0,8255.0,U,896.0,0.5536645031258128,0.44633549687418705,D
18/07/2013,8239.0,8337.0,8216.0,8337.0,U,897.0,0.5536645031258128,0.44633549687418705,D
19/07/2013,8299.0,8337.0,8284.0,8332.0,U,898.0,0.5536645031258128,0.44633549687418705,D
22/07/2013,8343.0,8374.0,8310.0,8331.0,D,899.0,0.5536645031258128,0.44633549687418705,D
23/07/2013,8359.0,8366.0,8307.0,8314.0,D,900.0,0.5536645031258128,0.44633549687418705,D
24/07/2013,8325.0,8415.0,8318.0,8379.0,U,901.0,0.5536645031258128,0.44633549687418705,D
25/07/2013,8350.0,8357.0,8265.0,8299.0,D,902.0,0.5536645031258128,0.44633549687418705,D
26/07/2013,8342.0,8362.0,8217.0,8245.0,D,903.0,0.5536645031258128,0.44633549687418705,D
29/07/2013,8307.0,8324.0,8246.0,8259.0,D,904.0,0.5536645031258128,0.44633549687418705,D
30/07/2013,8302.0,8334.0,8256.0,8271.0,D,905.0,0.5536645031258128,0.44633549687418705,D
31/07/2013,8235.0,8296.0,8213.0,8276.0,U,906.0,0.5536645031258128,0.44633549687418705,D
01/08/2013,8320.0,8411.0,8317.0,8411.0,U,907.0,0.5536645031258128,0.44633549687418705,D
02/08/2013,8429.0,8432.0,8376.0,8407.0,D,908.0,0.5536645031258128,0.44633549687418705,D
05/08/2013,8416.0,8435.0,8367.0,8398.0,D,909.0,0.5536645031258128,0.44633549687418705,D
06/08/2013,8388.0,8435.0,8268.0,8300.0,D,910.0,0.5536645031258128,0.44633549687418705,D
07/08/2013,8265.0,8282.0,8228.0,8260.0,D,911.0,0.5536645031258128,0.44633549687418705,D
08/08/2013,8256.0,8341.0,8252.0,8318.0,U,912.0,0.5536645031258128,0.44633549687418705,D
09/08/2013,8333.0,8375.0,8286.0,8338.0,U,913.0,0.5536645031258128,0.44633549687418705,D
12/08/2013,8342.0,8371.0,8239.0,8359.0,U,914.0,0.5536645031258128,0.44633549687418705,D
13/08/2013,8396.0,8445.0,8383.0,8416.0,U,915.0,0.5536645031258128,0.44633549687418705,D
14/08/2013,8425.0,8457.0,8401.0,8438.0,U,916.0,0.5536645031258128,0.44633549687418705,D
15/08/2013,8419.0,8422.0,8308.0,8376.0,D,917.0,0.5536645031258128,0.44633549687418705,D
16/08/2013,8348.0,8402.0,8330.0,8392.0,U,918.0,0.5536645031258128,0.44633549687418705,D
19/08/2013,8395.0,8395.0,8329.0,8366.0,D,919.0,0.5536645031258128,0.44633549687418705,D
20/08/2013,8295.0,8320.0,8246.0,8300.0,U,920.0,0.5536645031258128,0.44633549687418705,D
21/08/2013,8301.0,8311.0,8268.0,8285.0,D,921.0,0.5536645031258128,0.44633549687418705,D
22/08/2013,8289.0,8425.0,8284.0,8398.0,U,922.0,0.5536645031258128,0.44633549687418705,D
23/08/2013,8398.0,8438.0,8360.0,8417.0,U,923.0,0.5536645031258128,0.44633549687418705,D
26/08/2013,8424.0,8438.0,8386.0,8435.0,U,924.0,0.5536645031258128,0.44633549687418705,D
27/08/2013,8379.0,8424.0,8243.0,8243.0,D,925.0,0.5536645031258128,0.44633549687418705,D
28/08/2013,8203.0,8219.0,8094.0,8158.0,D,926.0,0.5536645031258128,0.44633549687418705,D
29/08/2013,8189.0,8199.0,8130.0,8195.0,U,927.0,0.5536645031258128,0.44633549687418705,D
30/08/2013,8198.0,8201.0,8102.0,8103.0,D,928.0,0.5536645031258128,0.44633549687418705,D
02/09/2013,8224.0,8269.0,8211.0,8244.0,U,929.0,0.5536645031258128,0.44633549687418705,D
03/09/2013,8259.0,8265.0,8143.0,8181.0,D,930.0,0.5536645031258128,0.44633549687418705,D
04/09/2013,8202.0,8207.0,8096.0,8196.0,D,931.0,0.5536645031258128,0.44633549687418705,D
05/09/2013,8206.0,8258.0,8165.0,8235.0,U,932.0,0.5536645031258128,0.44633549687418705,D
06/09/2013,8222.0,8296.0,8174.0,8276.0,U,933.0,0.5536645031258128,0.44633549687418705,D
09/09/2013,8275.0,8310.0,8247.0,8276.0,U,934.0,0.5536645031258128,0.44633549687418705,D
10/09/2013,8358.0,8464.0,8350.0,8447.0,U,935.0,0.5536645031258128,0.44633549687418705,D
11/09/2013,8453.0,8503.0,8447.0,8496.0,U,936.0,0.5536645031258128,0.44633549687418705,D
12/09/2013,8509.0,8517.0,8467.0,8494.0,D,937.0,0.5536645031258128,0.44633549687418705,D
13/09/2013,8461.0,8518.0,8457.0,8509.0,U,938.0,0.5536645031258128,0.44633549687418705,D
16/09/2013,8600.0,8626.0,8578.0,8613.0,U,939.0,0.5536645031258128,0.44633549687418705,D
17/09/2013,8596.0,8614.0,8585.0,8597.0,U,940.0,0.5536645031258128,0.44633549687418705,D
18/09/2013,8617.0,8646.0,8595.0,8636.0,U,941.0,0.5536645031258128,0.44633549687418705,D
19/09/2013,8735.0,8770.0,8666.0,8694.0,D,942.0,0.5536645031258128,0.44633549687418705,D
20/09/2013,8693.0,8714.0,8666.0,8676.0,D,943.0,0.5536645031258128,0.44633549687418705,D
23/09/2013,8683.0,8699.0,8606.0,8635.0,D,944.0,0.5536645031258128,0.44633549687418705,D
24/09/2013,8645.0,8672.0,8633.0,8665.0,U,945.0,0.5536645031258128,0.44633549687418705,D
25/09/2013,8655.0,8682.0,8610.0,8666.0,U,946.0,0.5536645031258128,0.44633549687418705,D
26/09/2013,8679.0,8688.0,8629.0,8664.0,D,947.0,0.5536645031258128,0.44633549687418705,D
27/09/2013,8673.0,8691.0,8611.0,8662.0,D,948.0,0.5536645031258128,0.44633549687418705,D
30/09/2013,8563.0,8607.0,8547.0,8594.0,U,949.0,0.5536645031258128,0.44633549687418705,D
01/10/2013,8619.0,8692.0,8612.0,8689.0,U,950.0,0.5536645031258128,0.44633549687418705,D
02/10/2013,8651.0,8672.0,8581.0,8629.0,D,951.0,0.5536645031258128,0.44633549687418705,D
03/10/2013,8648.0,8655.0,8590.0,8598.0,D,952.0,0.5536645031258128,0.44633549687418705,D
04/10/2013,8591.0,8640.0,8570.0,8623.0,U,953.0,0.5536645031258128,0.44633549687418705,D
07/10/2013,8557.0,8605.0,8510.0,8592.0,U,954.0,0.5536645031258128,0.44633549687418705,D
08/10/2013,8591.0,8610.0,8552.0,8556.0,D,955.0,0.5536645031258128,0.44633549687418705,D
09/10/2013,8541.0,8590.0,8490.0,8517.0,D,956.0,0.5536645031258128,0.44633549687418705,D
10/10/2013,8563.0,8694.0,8548.0,8686.0,U,957.0,0.5536645031258128,0.44633549687418705,D
11/10/2013,8705.0,8729.0,8696.0,8725.0,U,958.0,0.5536645031258128,0.44633549687418705,D
14/10/2013,8688.0,8728.0,8676.0,8724.0,U,959.0,0.5536645031258128,0.44633549687418705,D
15/10/2013,8757.0,8821.0,8757.0,8804.0,U,960.0,0.5536645031258128,0.44633549687418705,D
16/10/2013,8793.0,8861.0,8781.0,8846.0,U,961.0,0.5536645031258128,0.44633549687418705,D
17/10/2013,8817.0,8830.0,8765.0,8812.0,D,962.0,0.5536645031258128,0.44633549687418705,D
18/10/2013,8850.0,8865.0,8805.0,8865.0,U,963.0,0.5536645031258128,0.44633549687418705,D
21/10/2013,8828.0,8876.0,8827.0,8867.0,U,964.0,0.5536645031258128,0.44633549687418705,D
22/10/2013,8854.0,8988.0,8849.0,8947.0,U,965.0,0.5536645031258128,0.44633549687418705,D
23/10/2013,8907.0,8933.0,8898.0,8920.0,U,966.0,0.5536645031258128,0.44633549687418705,D
24/10/2013,8969.0,8987.0,8951.0,8981.0,U,967.0,0.5536645031258128,0.44633549687418705,D
25/10/2013,8953.0,9011.0,8944.0,8986.0,U,968.0,0.5536645031258128,0.44633549687418705,D
28/10/2013,9013.0,9018.0,8950.0,8979.0,D,969.0,0.5536645031258128,0.44633549687418705,D
29/10/2013,8966.0,9022.0,8966.0,9022.0,U,970.0,0.5536645031258128,0.44633549687418705,D
30/10/2013,9030.0,9070.0,8996.0,9010.0,D,971.0,0.5536645031258128,0.44633549687418705,D
31/10/2013,8985.0,9037.0,8976.0,9034.0,U,972.0,0.5536645031258128,0.44633549687418705,D
01/11/2013,9032.0,9048.0,8993.0,9008.0,D,973.0,0.5536645031258128,0.44633549687418705,D
04/11/2013,9036.0,9054.0,9019.0,9037.0,U,974.0,0.5536645031258128,0.44633549687418705,D
05/11/2013,9036.0,9042.0,8962.0,9009.0,D,975.0,0.5536645031258128,0.44633549687418705,D
06/11/2013,9030.0,9066.0,9022.0,9041.0,U,976.0,0.5536645031258128,0.44633549687418705,D
07/11/2013,9038.0,9194.0,9026.0,9081.0,U,977.0,0.5536645031258128,0.44633549687418705,D
08/11/2013,9037.0,9079.0,8986.0,9078.0,U,978.0,0.5536645031258128,0.44633549687418705,D
11/11/2013,9082.0,9124.0,9065.0,9108.0,U,979.0,0.5536645031258128,0.44633549687418705,D
12/11/2013,9103.0,9124.0,9074.0,9076.0,D,980.0,0.5536645031258128,0.44633549687418705,D
13/11/2013,9057.0,9075.0,8981.0,9055.0,D,981.0,0.5536645031258128,0.44633549687418705,D
14/11/2013,9137.0,9151.0,9101.0,9150.0,U,982.0,0.5536645031258128,0.44633549687418705,D
15/11/2013,9158.0,9188.0,9134.0,9169.0,U,983.0,0.5536645031258128,0.44633549687418705,D
18/11/2013,9154.0,9254.0,9141.0,9225.0,U,984.0,0.5536645031258128,0.44633549687418705,D
19/11/2013,9197.0,9217.0,9179.0,9193.0,D,985.0,0.5536645031258128,0.44633549687418705,D
20/11/2013,9176.0,9237.0,9163.0,9202.0,U,986.0,0.5536645031258128,0.44633549687418705,D
21/11/2013,9128.0,9211.0,9117.0,9196.0,U,987.0,0.5536645031258128,0.44633549687418705,D
22/11/2013,9211.0,9230.0,9169.0,9219.0,U,988.0,0.5536645031258128,0.44633549687418705,D
25/11/2013,9258.0,9323.0,9253.0,9300.0,U,989.0,0.5536645031258128,0.44633549687418705,D
26/11/2013,9298.0,9317.0,9287.0,9290.0,D,990.0,0.5536645031258128,0.44633549687418705,D
27/11/2013,9309.0,9363.0,9296.0,9351.0,U,991.0,0.5536645031258128,0.44633549687418705,D
28/11/2013,9360.0,9400.0,9359.0,9387.0,U,992.0,0.5536645031258128,0.44633549687418705,D
29/11/2013,9379.0,9425.0,9377.0,9405.0,U,993.0,0.5536645031258128,0.44633549687418705,D
02/12/2013,9413.0,9425.0,9384.0,9402.0,D,994.0,0.5536645031258128,0.44633549687418705,D
03/12/2013,9398.0,9404.0,9223.0,9223.0,D,995.0,0.5536645031258128,0.44633549687418705,D
04/12/2013,9247.0,9253.0,9070.0,9141.0,D,996.0,0.5536645031258128,0.44633549687418705,D
05/12/2013,9111.0,9172.0,9078.0,9085.0,D,997.0,0.5536645031258128,0.44633549687418705,D
06/12/2013,9126.0,9196.0,9084.0,9172.0,U,998.0,0.5536645031258128,0.44633549687418705,D
09/12/2013,9219.0,9226.0,9171.0,9195.0,D,999.0,0.5536645031258128,0.44633549687418705,D
10/12/2013,9180.0,9224.0,9092.0,9114.0,D,1000.0,0.5536645031258128,0.44633549687418705,D
11/12/2013,9093.0,9153.0,9066.0,9077.0,D,1001.0,0.5536645031258128,0.44633549687418705,D
12/12/2013,9033.0,9061.0,8984.0,9017.0,D,1002.0,0.5536645031258128,0.44633549687418705,D
13/12/2013,9017.0,9047.0,8991.0,9006.0,D,1003.0,0.5536645031258128,0.44633549687418705,D
16/12/2013,9005.0,9188.0,8998.0,9164.0,U,1004.0,0.5536645031258128,0.44633549687418705,D
17/12/2013,9143.0,9162.0,9085.0,9085.0,D,1005.0,0.5536645031258128,0.44633549687418705,D
18/12/2013,9145.0,9191.0,9122.0,9182.0,U,1006.0,0.5536645031258128,0.44633549687418705,D
19/12/2013,9280.0,9352.0,9257.0,9336.0,U,1007.0,0.5536645031258128,0.44633549687418705,D
20/12/2013,9371.0,9413.0,9353.0,9400.0,U,1008.0,0.5536645031258128,0.44633549687418705,D
